,Id,BIRTHDATE,DEATHDATE,SSN,GENDER
0,1d604da9-9a81-4ba9-80c2-de3375d59b40,1989-05-25,,999-76-6866,M
1,034e9e3b-2def-4559-bb2a-7850888ae060,1983-11-14,,999-73-5361,M
2,10339b10-3cd1-4ac3-ac13-ec26728cb592,1992-06-02,,999-27-3385,M
3,8d4c4326-e9de-4f45-9a4c-f8c36bff89ae,1978-05-27,,999-85-4926,F
4,f5dcd418-09fe-4a2f-baa0-3da800bd8c3a,1996-10-18,,999-60-7372,M
5,72c0b9ce-7aa4-430b-aaff-bd0ce7846e55,2017-07-27,,999-68-6630,M
6,b1e9b0b9-da6e-4f68-b603-bd896a50ca86,2003-12-13,,999-73-2461,F
7,01207ecd-9dff-4754-8887-4652eda231e2,2019-05-15,,999-81-4349,F
8,b58731cc-2d8b-4c2d-b327-4cab771af3ef,1970-05-16,,999-90-2484,F
9,cfee79fc-df05-476e-b274-43e09ea345db,2016-07-04,,999-15-5895,F
10,ad2e9916-4979-40fc-a8c0-68651a0cb5a6,2004-12-19,,999-78-4480,M
11,bfb6537b-535a-4f31-9a56-073220f96a17,1991-07-03,,999-74-9712,F
12,83719bd7-7a41-4c87-93f9-c5de4db6a14a,1989-06-07,,999-24-1237,F
13,76982e06-f8b8-4509-9ca3-65a99c8650fe,1982-09-01,,999-21-5604,F
14,2ffe9369-24e4-414b-8973-258fad09313a,1958-07-01,,999-76-2715,F
15,e4f1bd35-93ae-418b-b8cf-d39c3fbb069c,1957-02-25,,999-66-4231,F
16,86b97fc7-ae8f-4e0d-8e66-db68f36e7a76,1959-05-26,,999-59-1261,F
17,1c591f0d-95b1-4289-94a9-9713ab3834e7,1954-04-04,,999-88-9161,M
18,f1678bde-4814-4d71-bca9-18fdf5282232,1958-04-11,,999-49-5916,F
19,aac107d8-5187-420f-a90c-448ad49dee41,1983-09-02,,999-57-9112,F
20,71ba0469-f0cc-4177-ac70-ea07cb01c8b8,2000-11-21,2012-11-21,999-28-2716,F
21,518f83f3-a717-4705-a181-06e205df480b,1999-02-03,,999-85-6755,F
22,2f43a131-a43a-4c8c-a723-cc261adb9cc6,2017-02-23,,999-40-3169,F
23,2c634692-05d8-4122-9f46-dd9402e2cfc6,1970-12-22,,999-95-4888,F
24,860aff27-7431-47ee-968e-554470683160,1986-01-28,,999-89-1141,F
25,acb4817f-0ece-41d8-b179-82397a95a44a,1983-09-12,,999-45-5448,F
26,bf35e4fa-ea4f-40a4-8fe6-1f2f26e0aa45,2000-11-21,,999-87-8860,F
27,c8403116-d069-4130-aa02-39954fc971b5,1967-03-26,,999-30-3779,F
28,b1bc3c89-4e7b-41fd-a58b-9bf4ce2b40a9,1973-07-04,,999-85-9257,M
29,50e7ede4-7ca1-4b2c-ae64-6b88b58eeaac,1965-10-15,,999-85-8713,F
30,5a8c7f6d-b15c-4c55-b299-5bf8c2b35ad4,1993-03-09,,999-21-6421,F
31,73f124a4-e69e-4b8c-a447-e72d23dc54be,1967-06-14,,999-95-2422,F
32,ad7c452d-c8e9-40ae-a5ed-90b7bd93d2ac,1987-08-03,,999-47-3790,M
33,5056439c-015e-4968-9281-2b8c72c3926e,1986-08-24,1991-04-30,999-39-5390,F
34,e20fb002-6dc6-4cea-ba4b-7f528ccf6572,2005-11-30,,999-75-9476,M
35,d49f748f-928d-40e8-92c8-73e4c5679711,1967-06-14,,999-15-5162,M
36,f592e861-6e2e-46bc-a19d-5485fcbf0d80,2018-07-19,,999-65-5107,F
37,8b17ff1e-2b24-46a9-83f7-f8a49e82c604,1959-05-20,,999-59-5266,M
38,7723d469-7227-4b58-8f3e-b441197f4134,1994-05-31,,999-33-5858,F
39,741831b4-d1a2-407b-b5d7-af61ff550867,1969-02-22,,999-12-7459,M
40,e3af2463-f4c9-4dbb-a8d2-d6a08c5b1460,2013-07-02,,999-82-6451,F
41,31459cc4-45ed-4dee-b160-9f1a148a7724,1968-08-15,,999-88-9678,M
42,8908602e-5f0c-4f1e-847f-75a0043eeba7,1979-05-16,,999-19-9482,M
43,5be97219-ef35-4c5a-88ab-5f9a2187b7d6,1972-08-25,,999-58-9266,M
44,e05dd037-e45f-434a-946d-5c9076a2f596,1986-08-24,,999-55-3968,F
45,ddfa05a6-b8a6-4208-b609-28f9a6a8d79e,2001-12-27,,999-83-2956,F
46,0983e422-3b48-4f1a-936b-bee5f0eb4695,1982-05-22,,999-95-2021,M
47,301ebb70-0078-4989-b5dd-d751f56c404d,2012-04-29,,999-69-6192,M
48,d191448b-3fa8-47b8-9440-6b871860956c,2007-05-21,,999-36-9345,M
49,45c5c779-d2f9-4bf1-b6ff-deb7ff1fd54c,1981-08-21,,999-39-3928,M
50,8abe8efb-d431-4465-ad3b-7b3f301b845f,1955-04-05,,999-33-9259,F
51,32885ae1-d031-4f52-8f91-0e5196f5462a,1978-10-30,,999-90-6743,F
52,c563f50c-54a9-4b37-9028-bff3db7e3e27,1997-12-14,2017-11-24,999-23-1726,M
53,f98f2905-6942-4462-9c21-25a512520d90,2015-06-20,,999-85-6809,M
54,7a8e4ef0-adf4-4e6d-8d28-5d36886547f4,1976-02-21,,999-92-8481,M
55,c1b80a65-61e0-4f1b-9e1f-122c6d326034,1952-04-08,,999-56-8675,F
56,1d7fe784-8667-47e8-b733-8e6ec0fbb5f9,1940-04-05,2006-01-08,999-30-7132,F
57,b44d4f15-d604-4e24-8114-dc0dc12651d2,2020-02-13,,999-72-2409,F
58,bfd66698-4139-4e5e-9982-efa459aa9dca,1995-09-04,,999-26-2678,M
59,e175908a-09db-4730-a311-4e57ba73438b,2009-05-07,,999-19-6600,F
60,937d794b-6e68-4b17-b162-0a41b68f8085,2008-06-23,,999-49-6430,F
61,14289f20-085c-4fc8-bdd8-e2074166d91f,1968-03-29,,999-64-4625,F
62,47a91815-0dca-49df-b1dc-8bb88d8c1b38,1959-03-04,,999-49-8312,F
63,0f5646bc-a156-4ec0-9252-5b592e3d3184,1997-12-14,,999-45-8311,M
64,66b46e68-f643-4ebd-8ad1-14ebf58e356c,1992-05-22,,999-45-6436,F
65,bb9d00fe-b16e-4832-8aec-b1e9d480d48d,1969-06-05,,999-88-2579,M
66,3800b2a6-2360-40dc-b709-394b4794cc0d,2006-05-24,,999-86-2605,M
67,44c8b4c8-4457-4ba0-94b6-285ef327a249,1941-03-25,1989-01-17,999-33-7429,M
68,e75ed3bb-d04c-46cc-897e-1938329673ec,1990-06-15,,999-27-7560,F
69,b844f920-ed79-4624-a4da-fe5a201b9baf,2018-02-06,,999-47-5686,M
70,cdef53d5-0537-4073-8874-79fa5e0346e6,1940-04-05,1987-03-29,999-76-2610,F
71,799d0738-d5cd-4161-bdb8-e3c49e21ec66,1939-12-12,,999-49-7659,M
72,dadd331c-6143-41d1-bffb-d34b321ed157,1976-09-10,,999-23-1789,M
73,89752052-a38b-45f0-a590-3950bbb67bec,1954-07-29,,999-15-6463,F
74,a9191572-cd67-4184-9945-a25eb3fa6ef0,1941-03-25,1967-07-04,999-13-7981,M
75,bae73dce-20fa-4a6a-8e46-b2ed541f9296,1958-04-27,,999-31-7122,M
76,da200ea3-c9eb-414b-b22a-86430059fd47,2003-08-08,,999-32-9052,M
77,711d2093-5eb9-45a6-ad09-4b5c0371ad85,1967-11-26,,999-60-5555,M
78,89214f7b-82b7-460e-b583-415a688ccc3c,1940-04-05,1986-02-15,999-29-7916,F
79,a47e5737-065e-416f-8257-0c9f14382065,1974-07-30,,999-19-1540,M
80,28f36cfa-7696-4f73-ac4f-427e802199d9,1974-01-17,,999-22-4097,F
81,ed5cc81e-619f-471d-aee6-2934124c58e4,1983-06-06,,999-85-5168,F
82,dac134fa-7f57-4211-923a-e943a5c11d93,1969-02-26,,999-44-6609,M
83,144edc8e-936e-42d7-8e7d-f3578cf80cc2,1942-07-27,,999-69-6662,F
84,53d371cc-eb68-4740-a68c-39707c6cb519,1941-03-25,,999-28-5535,M
85,8d1ba4bb-7250-4295-be1c-5d0d423e55f7,1957-02-13,,999-93-2339,M
86,be249d5b-327e-4c30-8fb2-3a1c587fe5ad,1946-08-12,,999-63-7990,M
87,846b0d5b-e5f5-4fd6-8ae4-7aa8e13a17c3,1964-08-09,,999-87-7767,M
88,55301b9d-4de5-4ab7-a727-579258ce4e71,2004-06-07,,999-67-4045,F
89,9fe859fa-d775-494d-ae34-fa648e5d186d,1940-04-05,,999-39-9987,F
90,d721b0eb-f819-472e-997a-b057ca7fab01,1996-05-29,,999-71-6658,F
91,df91aedf-3e17-44c3-b273-62e35f518475,2008-10-24,,999-97-9250,M
92,01e1f394-7219-4189-bceb-3cbd90cff90b,1967-07-14,,999-21-9208,F
93,f6df6e77-35dc-457b-b998-31b780ada07f,1984-06-09,,999-56-1666,M
94,d1639077-59f3-401f-a058-2ad70502f93f,2012-10-21,,999-91-6450,M
95,0c5aa52a-3b1d-4289-af16-29f7a2d07fec,1984-06-24,,999-82-1441,F
96,2a88cb57-86fa-4259-93bf-3956e91b07f4,2017-12-23,,999-28-4976,M
97,e061409e-4b85-4ec1-b1f7-02677d51f763,1997-09-11,,999-32-2366,F
98,d3f08bb8-e79f-4529-a37a-8aebdfbffe6a,2020-03-22,,999-65-9391,F
99,6ec4e56c-9a9d-49c8-8fbe-cfef93c14b6b,1997-05-04,,999-83-7958,M
100,733bbea8-c5a6-4599-86ec-9a797ce87e5d,2004-03-25,,999-44-7733,M
101,ea160682-a049-4b6c-929e-a959a1221968,1955-07-24,,999-60-8560,F
102,76acc19c-38d4-4fa9-83e4-cf9bdc82340d,1993-10-29,,999-13-7217,F
103,f71bb059-3634-47a6-b689-04320a5c4387,2013-04-25,,999-21-6299,F
104,ccbd3a61-50ff-4f6f-8d64-8105c3fc54cf,1981-09-03,,999-68-8570,M
105,bb9a366c-e4d6-4dd0-9a70-e9f93529d6ff,1988-02-08,,999-29-7843,M
106,8a8eb96d-354d-4d42-9716-738164a19a59,1987-04-02,,999-48-2704,M
107,46768e09-6b9f-49fe-9480-529079f64562,1984-09-13,,999-54-7892,F
108,4ffa7fe0-5454-480a-b648-ed038052dda1,2009-10-03,,999-35-6402,F
109,3fe783d9-b8f8-4d21-b320-4fb7745702db,1980-04-26,,999-71-3946,F
110,8a9b659b-4fff-4cef-b189-adbc7914caca,1972-12-24,,999-64-6680,F
111,40c5db10-1a0d-4eef-b5de-931edd347fc2,1958-12-06,,999-82-3372,M
112,7d2e09cb-ceda-47d6-8cb2-5e1eb725665d,2002-07-12,,999-59-1321,M
113,4b414e31-2791-4942-9c28-46a299805848,1963-12-05,,999-51-2834,F
114,cad44a83-848c-4019-a175-291a150b9d05,1971-02-23,,999-59-1066,F
115,e19ef77e-c29c-4fe6-9790-23d53ef5158f,2010-09-27,,999-20-4520,F
116,1f8da3b0-dd67-4925-a6d9-43a02d8402a7,1984-01-25,,999-20-5256,F
117,71e13815-55fb-4734-bcac-6079160d82a0,1973-06-02,,999-94-8759,F
118,bb089c44-7126-4acd-a2fa-5e10dfa77516,1977-07-25,,999-63-6173,M
119,d7f42940-d51d-4fc2-a604-03297e02f656,1958-07-12,,999-98-1520,M
120,d46af421-9bb5-4b8e-b763-b968a6bebd0c,1949-03-10,,999-94-8937,M
121,b118adba-1330-4ba0-8d96-fe610dfbd41e,1966-09-21,,999-31-8112,M
122,d286528e-a39a-4c04-8545-5e648f781052,1974-04-25,,999-72-6418,F
123,7f9a57e5-cfc5-4970-b19f-1a7b6ce22882,1971-09-11,,999-59-9011,F
124,ab294050-c4b7-4116-aa15-3525c5076472,1943-12-26,2016-10-16,999-95-9831,M
125,852f4588-ba8f-4eeb-94fe-5c3c974ab114,1956-01-02,,999-60-6320,F
126,d0355c37-6594-4147-91ff-8b82dfb0a6c2,1974-12-09,,999-57-8209,M
127,a708bca4-8fc9-4567-8c22-8b13d44f4f45,1944-04-14,,999-15-8652,M
128,cecb7ece-fb70-4a7f-b51d-6e8dd1506ad9,1951-01-06,,999-46-3183,M
129,05cdf25a-7da5-4a7b-b721-8e63d2e3b6ec,2015-01-17,,999-75-1631,M
130,a001f3e9-5955-4b52-bb83-99a791380c56,1957-08-31,,999-54-8544,F
131,844d1c39-6ca2-48df-a3de-f9a12633f69c,1963-07-20,,999-11-1235,F
132,355b4981-d84e-4055-96db-956464714214,1998-10-18,,999-42-5355,F
133,f369d5b2-a190-4ca5-bd2b-c10016b1db1d,2003-09-22,,999-66-3070,F
134,36cfc9c6-c720-41a3-ba03-bc9d11840564,1943-12-26,,999-27-7190,M
135,6e6ae8f3-514f-4686-b1e4-14baeacb671f,1989-04-07,,999-19-6420,F
136,b2b612b0-d4ac-4b83-8d33-4ed6b295c01c,1946-09-23,2012-01-12,999-99-7899,F
137,b953a648-a3e3-4d9f-a4be-28e13deaa08f,1986-05-13,,999-37-6438,F
138,c4790199-5f06-4622-932a-1664a684d670,2000-09-19,,999-91-5933,F
139,5a9d692d-992b-45a6-a6bb-c737d590e82b,2011-07-16,,999-49-4702,M
140,fc4aa89c-e441-4c0b-841f-3d16ffe1b235,1981-04-24,,999-68-7952,M
141,93052e9a-d9e3-4899-ac29-7bcb7a34b0bb,1964-11-25,,999-92-8971,F
142,bf4c0305-f14c-4035-be21-8781c675b7db,1965-02-22,,999-26-9610,M
143,b096000e-3f69-4940-89ce-1230ee9d5a0a,1950-05-22,2007-12-11,999-64-4286,M
144,f64742bf-8cac-4780-ae38-3e6781e0d008,1986-12-27,,999-52-8024,M
145,12485794-a6c5-466e-b1a5-92e9c0f443e8,2000-10-16,,999-51-1521,F
146,ef014976-f099-45b9-b9a8-dc3497690e47,2018-03-20,,999-73-8591,F
147,d5bf8e49-c70c-45df-9675-cf3dff4458d5,1977-08-08,,999-97-3175,M
148,9423451c-8c37-4700-a059-f8c2f9c636b0,1999-07-19,,999-36-9516,F
149,4a52ea9c-d410-4b78-a4da-6053e2ed0787,1974-06-01,,999-58-4852,F
150,9ad2f1f3-28b6-4af0-996b-ab17653d8f7b,2002-07-31,,999-99-7597,F
151,fdb2a2ee-09c2-499b-b324-d998d5226f19,1946-09-23,,999-82-1193,F
152,0e003777-2825-44c6-b090-c6df626f7f4a,1993-01-20,,999-52-4871,M
153,6ca038f1-a3f6-4c2d-848e-bab8e7ae7101,2001-07-24,,999-55-4456,M
154,8a999529-683a-4d3a-b256-ce5476e32af5,2006-03-07,,999-62-4189,F
155,d011ac4d-34e9-4887-a0bf-cf7b8a6f4abb,1965-07-10,,999-83-4761,M
156,cd900636-aee9-41b1-acf1-557efa0fd9cd,2007-03-03,,999-69-3274,F
157,de6ebe11-d869-447a-8fbc-08784ee1fe0f,2005-02-17,,999-20-7865,M
158,64fabecd-5e28-4fc1-915a-678c80dac058,1950-05-22,2015-08-31,999-25-8644,M
159,5b891358-1bb3-4bbf-b8a6-a73fbe58efe7,1962-12-21,,999-58-8644,F
160,c933554e-8a17-480a-b0fc-17b8757924db,1997-11-12,,999-70-7098,F
161,f34eed52-632a-44aa-af2a-5b05e5bc9038,2015-11-21,,999-98-3696,M
162,6e852965-91fe-4940-bbf7-93d20ef25bda,2018-07-13,,999-48-6634,M
163,2a113375-afae-45a3-b008-9fbb7fca92a5,1993-05-02,,999-96-9226,F
164,87be3f66-1feb-4a69-a5b1-71668f2e0baa,1998-05-07,,999-33-3415,M
165,b4f1aa40-1a13-43cc-9528-8dcde700ecf0,1950-03-16,,999-42-8551,M
166,7dea9311-ef15-4bb0-8d61-dde04dde3557,1971-06-16,,999-75-6594,F
167,1b71b396-b42b-4d33-926e-8c5daefba8ad,2006-01-10,,999-27-4793,F
168,76353d9c-9861-4ca8-8d24-d458b1e88da5,1951-03-20,,999-80-7188,F
169,449a9a85-5ffc-4df5-a090-9d6e4c6006cb,1976-05-30,,999-89-3499,F
170,24a7b5ac-a573-4469-be04-6f02673cd157,1923-06-22,1927-07-08,999-50-9030,M
171,0f9eca6a-cee2-4155-94ae-4e43b3b55f06,2006-03-30,,999-21-7245,F
172,bbcba0c9-f5ea-4fce-a726-adde5ffcb712,1950-05-22,,999-45-3166,M
173,7b51cca8-284b-42a5-8117-cc21f48454f5,1979-12-25,,999-40-5924,M
174,e2885dfa-4d69-4ec3-b2a1-f3713356637f,1979-03-26,,999-33-6709,F
175,552600f9-53d6-4d77-add6-0d364bb15b63,1974-02-23,,999-66-1449,M
176,c08e3ee0-69fa-4a66-ad6f-e5905400d046,1991-08-30,,999-60-4159,F
177,1821a44e-ba5e-4250-aae9-23ec9c0c26f1,1964-04-18,,999-30-5364,F
178,d9f90c91-2e37-40ca-a574-89b33a120d16,1976-03-23,,999-93-7358,F
179,09616ead-22c8-4210-8cb9-2fdc28e043ca,1953-08-03,,999-68-5321,F
180,49cc8ae0-debc-428b-918c-75d3a635a19b,2019-08-16,,999-29-4944,M
181,1c3fea30-6be0-419a-b342-50767fd55440,1984-12-27,,999-76-5683,F
182,5ad3dd08-6e9e-4feb-98ff-2c03ad4d3ef1,1972-11-25,,999-11-7412,F
183,73865a0e-b09d-4604-ad78-f6d2d82f76f8,2013-07-22,,999-57-6668,F
184,fcd3f564-67de-4ed5-bd3d-2c39c3338653,1951-10-14,2010-03-28,999-82-7701,M
185,f5770761-ebcf-49ff-883a-b8040926f9a2,1984-04-16,,999-73-5061,F
186,e3bba570-83a5-4105-b766-27582eb6ba59,1964-03-09,,999-70-7115,F
187,010d4a3a-2316-45ed-ae15-16f01c611674,1998-05-31,,999-21-2604,M
188,1786920f-c6fd-4fa7-a0dc-70a5ccc1fc79,1935-08-25,,999-90-2592,F
189,8d236c5c-485e-4030-b3e8-20e580afbb0a,2010-03-11,,999-37-4171,M
190,f54dd1af-4b23-4781-9c2e-1960bdccac29,1977-10-15,,999-96-7745,F
191,33454fc9-b2ea-407a-9a9d-64897cf44093,2004-03-09,,999-32-6757,F
192,066c0f3d-90bb-4082-99ec-f307c4759f50,1956-11-25,,999-37-6632,M
193,8aa4df95-ae91-4b6a-809e-85aa89e09b4c,2002-01-03,,999-70-6482,M
194,78574ffd-6c17-492a-8bb0-5a0062bb7730,1994-06-26,,999-33-2163,M
195,04a29a39-c12f-480b-9521-f2d20559089f,1951-10-14,,999-29-9336,M
196,66de0a90-460b-420e-a657-d02bcdf65224,2007-07-07,,999-57-2519,M
197,db0664e9-0545-4d45-ab47-a5a0ef52da0d,1994-12-25,,999-13-9982,M
198,1dceeee2-ab03-4adb-8cc9-05954d85d625,2003-10-12,,999-36-3248,M
199,8dd20f15-2beb-4568-83d4-2109123f5ffd,1993-12-18,,999-19-4938,F
200,1fd5b5d7-4514-44b8-a06b-767d1be8fb97,2016-11-19,,999-49-4646,M
201,194aca62-c623-4ba8-a7ca-bb77f17736f5,2019-03-30,,999-63-6584,F
202,baffdce5-d444-4c8c-a815-e7d00a01f7ca,1939-06-22,,999-18-7548,F
203,a0ca0f54-f8cc-4bee-9a80-827f0b097636,1994-05-03,,999-82-6466,F
204,10c64243-1b39-4f8d-8add-6c767a2f2e50,1986-03-07,,999-49-2401,M
205,5666bbaf-828b-4fd1-a4f9-eeead450816d,1953-04-25,,999-15-4336,F
206,cd1d1f54-e4ea-458e-a264-b3e9c57d902e,1953-02-05,,999-81-5409,F
207,5572d54e-4371-4e36-8069-53349880ce5b,1974-06-03,,999-97-7544,M
208,a27da6fe-7844-4205-a84f-6db17bfb8935,1959-04-09,,999-69-7787,M
209,64ab927a-de28-4993-bfb2-d851cb366f73,1996-02-18,,999-90-2787,F
210,bedd77ef-dfda-424d-8715-057ff1c5f85d,1963-12-13,,999-13-4844,F
211,3c2bfff1-8a3f-4b9c-bc18-e7ea6562e436,2018-07-25,2019-05-15,999-70-6516,F
212,eabd08f9-513a-40a9-8932-d7e166b9941a,1981-10-10,,999-15-4418,F
213,a6fd8d21-189a-4488-8ebd-8cf6173fc5fc,2018-07-25,,999-12-6852,F
214,d324d82b-14a4-4a6d-a6f9-b76a1b83701a,1972-03-01,,999-30-6305,M
215,c2a6847e-c5d2-4158-bee5-30f8ef693dde,1977-04-29,,999-85-9538,F
216,c2128123-c579-48b9-8452-d1741f5a3c4c,1991-08-02,,999-62-6355,F
217,372a8506-f31a-45fa-b563-c50305d983c3,2013-05-15,,999-41-5102,F
218,c0346f60-1c3c-46b1-b448-368b5fee8761,1952-10-01,,999-30-4732,F
219,383da7a1-916b-41ce-8223-43afa899c86e,2006-10-05,,999-52-6597,M
220,202b3372-a1d4-42bd-b4b7-b712bd24dc98,1961-11-12,,999-88-1742,F
221,45166484-2cc4-40f0-9be5-b9435ce0e476,1967-02-20,,999-53-6733,F
222,c85bba08-490f-4e51-9049-0ac76a2d9290,2002-12-27,,999-71-4241,F
223,7a8399b1-ca18-4612-9683-c43b023fda8b,2007-10-06,,999-39-4326,F
224,8e11ec6c-6b5d-42df-a45e-aedb6131ade4,1962-01-03,,999-91-6366,F
225,e15ce616-8e58-4d4c-a6eb-712ce571aeef,1999-01-19,,999-14-4668,F
226,2d51ecd6-9e18-40a1-9b15-cfc4f03a0e26,2004-08-22,,999-47-6282,F
227,a7005d62-3535-4d7d-8dc5-2a4c4f725511,1980-03-28,,999-76-4489,M
228,73ccae2b-09be-48be-b6f8-320bc4df146a,1954-02-04,,999-62-4869,M
229,7890b059-02a1-4fc7-8882-8d17b584d328,1969-12-05,,999-94-8786,F
230,e4945ad4-5f21-460f-a420-98a32ef61d3d,1947-01-26,,999-68-7989,M
231,47392cc2-4fb3-4431-b56f-c54688671786,1944-04-02,1991-02-17,999-45-6980,F
232,f7d7b580-e670-4921-bc67-550ec468d506,1975-02-16,,999-29-4371,F
233,bba40d4c-1a9e-41d3-923d-5232b01a0dd9,1991-10-06,,999-45-6373,F
234,63ca741d-130f-4748-b15f-f75075630a73,1947-07-12,2016-02-02,999-96-6799,F
235,03172f6e-fb21-4770-8eef-513730174ab7,1961-03-14,1968-01-23,999-53-9443,F
236,adfc3c2f-30be-430d-8f07-9070dab88c64,1953-03-07,2019-03-23,999-74-2700,F
237,ca3330c5-bbbc-47e7-addb-302f2e069986,2003-06-23,,999-44-5854,F
238,24bca5cf-ba55-457f-8e80-49690202443c,1977-06-28,,999-31-8026,M
239,4a50c62e-24ba-459b-993c-0959691cf96d,1947-07-12,1989-11-25,999-13-8181,F
240,0447625b-b860-483c-9f30-17ed375b1493,1961-03-14,,999-63-3313,F
241,1c0cea09-f0db-4ef0-a551-d67645ee4538,1927-04-24,2018-07-24,999-42-6157,F
242,9077ab04-92a1-4189-aa2b-93e50a5c32ae,1944-04-02,,999-48-1185,F
243,79d782c9-dc9c-456c-a243-a6d396b4d0e0,2015-07-19,,999-84-2381,F
244,21ce6dc0-8668-4221-a5bc-6d6a1afe4c52,1958-11-06,,999-23-7418,F
245,04630e85-e9f5-4a9b-be75-97f2c3346037,1953-03-07,,999-11-6672,F
246,f36775e8-bf5a-40a2-a223-679c05b46004,2008-01-18,,999-56-1320,M
247,b0c26ab6-b914-4bb7-8cf0-e390b6411df0,1980-09-29,,999-51-3021,M
248,73f62bdf-9729-4005-ab16-b61d37573e2a,1999-08-12,,999-70-1380,F
249,8a9df121-e012-457c-ade0-ead804d93818,1923-05-15,2001-11-18,999-25-3475,F
250,a7df9539-bc46-4527-928d-8f2911418ebd,1947-07-12,,999-25-2782,F
251,8141abe7-08b5-4415-99dd-00c801d48098,2004-09-27,,999-99-5557,F
252,787b9b47-75cd-4df0-b342-e38eb7cb9d34,2008-02-28,,999-25-7840,M
253,96e4e7cd-b134-4d6a-9f30-89cf6104f923,1972-06-26,,999-14-6274,M
254,a7fe533e-f2b1-4fcd-90ec-6663ca7919e7,1962-07-25,,999-19-6194,F
255,4af2e0a8-8c6b-41bc-949f-f4cafa9b2ecb,2010-02-21,,999-89-2181,F
256,6d4312d1-0663-474b-bd30-b0e00dd7dbc7,2014-05-22,,999-15-3843,M
257,efa20606-8972-4bd7-823e-2011fe9a54e1,1923-05-15,1984-12-07,999-37-6408,F
258,d95287b4-213f-4b3b-b68e-b23b9f3bac90,1937-09-07,1999-09-07,999-13-1001,M
259,f95a8235-5c43-4926-84fb-391822847c30,1927-04-24,,999-44-7554,F
260,e6a843e8-10db-454b-a39c-d133a7a75a62,1992-11-03,,999-81-7765,M
261,3f8d6443-f7d9-40bf-acb5-427c853a68ca,1937-09-07,1952-08-19,999-10-9322,M
262,c7202949-7438-4374-a451-89ad61342068,1965-06-14,,999-37-9279,M
263,83b8cb6d-3c77-4b4d-9825-1b3521f04a09,1937-03-09,,999-71-7914,M
264,84ea2e0c-70a9-4a92-aa31-cd87118379c8,1996-05-01,,999-89-1390,M
265,9b286917-8a4b-4ea7-803e-21578f6882e1,1957-02-22,2017-02-17,999-20-7450,F
266,d2157fd6-bfa4-49e4-9c53-e6baf30f3ff8,1994-08-16,,999-71-3532,M
267,79a4b9ad-e5a8-46e2-ae1d-ea32a915b73c,1974-05-04,,999-66-7894,M
268,8be68b2d-8054-4882-8715-65297d36767a,1988-05-12,,999-15-5114,F
269,f4946dee-9d49-456b-bdf5-5a8c999a666d,1963-09-03,,999-58-7849,F
270,5bf2b18d-fcdc-4ac8-9b39-e623eaad226e,1978-09-03,,999-42-9891,F
271,2d350bad-f546-4799-b04a-32236b4b3930,1923-05-15,2013-03-12,999-87-1875,F
272,8bf92fdc-0cff-4945-b5a9-7fb8ddbee686,1957-02-22,,999-39-3016,F
273,4a757679-50a3-4392-8929-bec0876f4744,1937-09-07,,999-25-5156,M
274,a0be3e9c-2d82-4145-9f71-c15e1f47fe70,1994-05-14,,999-79-6495,F
275,46d3a308-7383-47ff-802c-c97bfd727720,1958-05-07,2018-05-29,999-46-2132,M
276,354aefa8-0bd5-4943-8f93-505cf038d48a,1970-12-24,,999-43-9288,M
277,94e0ed9f-bbff-4acf-b711-a04563dd6c3a,1964-02-21,,999-51-5246,F
278,a254d489-0441-4522-bde6-c59e583bb8f7,1958-09-17,,999-94-8684,F
279,85670231-0fce-4e52-8b4f-051a3019f867,1954-07-02,,999-28-9019,F
280,e7ff5cca-b90d-426c-a683-fef2fcb80da4,2009-08-20,,999-51-3749,M
281,ea473936-37a3-4493-a603-e59435cf321e,2004-02-26,,999-85-4611,F
282,2335bebd-0843-4322-9585-8ab90f49def3,1996-12-17,,999-35-3112,F
283,bfb101aa-8d36-422b-8e5c-b7275d279de0,1958-05-07,,999-18-2382,M
284,9e5a9e59-cfe3-42de-8c2e-76ef7e2efa5f,1923-05-15,2009-12-01,999-94-2927,F
285,45ad6c75-7808-4f70-9c80-0db44f681e55,2007-06-28,,999-68-6438,M
286,eace3e22-6c51-460c-bd0f-3cf0b65113fe,1980-03-16,,999-80-6794,M
287,a7b167c9-6230-4a8f-b808-9ada2dd35973,1984-01-15,,999-49-3277,F
288,7756182f-6a65-4d6a-91cb-18971b127606,2017-10-22,,999-91-8339,F
289,92d23553-700d-488f-83a5-2ba9b9544295,1984-11-22,,999-84-6699,F
290,fc01de6d-c784-4fcb-b85a-a996326f687d,1971-12-23,,999-89-4658,F
291,6e4842fd-bb5f-4c15-a198-52deb8f7706a,2004-08-08,,999-88-3325,F
292,47520f8d-0b71-4fa3-9b7a-bb473e66f1b6,1940-11-15,,999-21-3444,M
293,59669e7c-0190-4cbf-9e27-4898f1a35d03,1986-01-31,,999-65-7058,M
294,88587157-4de8-4459-b6d4-fd571b847575,1980-05-31,,999-98-2128,F
295,3b95da79-b5aa-419a-9558-f4627b02ae3a,1958-12-03,,999-47-1693,M
296,99b1c709-00fc-4be2-97ba-a6222e567305,1992-10-05,,999-72-9974,M
297,cde60f66-8df0-4bc6-8056-2ec5ba2cd638,2009-09-19,,999-28-8023,F
298,c6ec6d93-8834-4242-8a1a-dd62ae4563b0,2004-03-07,,999-61-3577,M
299,c2f724e1-8d93-49d0-b953-e058bfbd2ae7,2004-12-23,,999-92-4146,F
300,52729daa-66a1-42d6-96c0-691a2d89e819,1923-05-15,2009-05-25,999-69-1523,F
301,5be0e71b-5810-4d2f-8a9d-bc7a4c200888,1993-02-25,,999-91-6206,M
302,bc95d200-52fc-49cd-b128-8f4150cb4714,2010-11-06,,999-93-4178,M
303,79f7403a-15f5-425b-8c0a-fdf26e7c926b,1950-07-18,,999-45-7694,F
304,f25be418-dc57-4c06-855c-b0e6315e4189,1966-03-16,,999-56-8425,F
305,79d7013f-d845-4184-ba3e-956ddcea0fc4,1980-02-14,,999-85-3976,M
306,cbe65a5a-507c-4f7f-9edf-cd2c8a934c42,1963-07-14,,999-88-8132,F
307,4e169876-06be-4151-9ae1-b5568765ee13,1999-04-21,,999-45-1693,F
308,04dff6e5-123a-4c13-bd08-ad690d287173,1999-09-28,,999-69-8285,M
309,b2888f4d-5623-43c7-b010-3678e2f4f82a,1992-01-22,,999-23-2047,F
310,608e39b8-367a-48d6-afc6-244e4c19c849,1939-06-11,1999-07-04,999-44-2048,M
311,aeca5d2f-fa40-4b20-b684-052a771faa5c,2000-02-26,,999-54-7058,F
312,3e89db15-7c8d-464c-8ed6-e1535438ca83,1959-01-19,,999-11-8188,F
313,431971f5-a39f-44f8-9ef9-10502db973c9,2002-02-17,,999-43-3457,F
314,74f2ee46-fb61-4ab8-98f8-b123c2b62d2e,1995-10-13,,999-11-3522,M
315,a7f4200a-4180-417e-ab16-8daace8bf368,2011-12-25,,999-67-9122,M
316,f9734dd4-254c-456d-afec-f6387478407d,1989-03-22,,999-14-6319,F
317,191888f1-bdcf-4889-929f-79962b0417e0,1980-06-02,,999-79-9192,M
318,e50b072e-667e-4a60-8445-ef48ac9d2be7,1984-07-16,,999-50-9340,M
319,ba190ea7-9318-4b89-a17a-907a71ef24fa,1923-05-15,2017-05-18,999-23-2661,F
320,4b92e3f1-b92b-48ec-9baa-2905409d1743,2015-09-18,,999-27-7943,F
321,defd47cc-95c0-4302-a284-6038e986d672,1939-06-11,2005-12-18,999-43-6557,M
322,7c18105e-5f61-44f5-b47a-c1a8b83f542b,1992-10-09,,999-95-8932,M
323,f8f79900-d474-43e5-8b45-ef83fd7ab547,1992-06-27,,999-73-5900,F
324,9fda53d4-6fcc-4ef5-a1fe-16e007182ec2,1999-05-24,,999-91-6914,F
325,efa3e04c-ec23-46e4-9431-a73492ad32a5,1946-01-24,2015-02-13,999-15-8438,F
326,e3386a13-d652-45fe-abd9-f01d1b023e6f,1965-10-19,,999-36-5986,F
327,6546e352-50ed-478f-961b-fa093478c14e,1986-03-11,,999-27-3427,M
328,de767c9e-3131-4d1a-9eed-fdd86a15d459,1924-12-27,,999-71-9904,F
329,c1de8dc8-87e2-4016-8b95-fdc64c3bc78d,1923-05-15,,999-87-1248,F
330,3e234e30-d471-4c3e-b433-220f2aa4a91d,1962-10-18,,999-58-2666,M
331,da80e506-8671-42e8-98da-2ddcb06e7ffb,1998-10-14,,999-66-7353,M
332,8078aad5-fcac-4b51-b498-fbf8340db8a6,1998-10-07,,999-19-7554,F
333,ed55adb7-3395-4c69-a0b8-b85936c1731c,1977-12-10,,999-13-6445,F
334,9e081e53-a748-47c5-8e36-d9c858d23c14,1939-06-11,2005-04-19,999-15-3014,M
335,da2e9adf-583c-4905-91ec-64f162699409,1973-02-27,,999-76-5436,F
336,ee1ad3fc-c1a2-4883-bb76-c740059a1feb,1996-05-17,,999-16-4571,M
337,affb8a9e-4a9a-46e7-a94b-e9c90b25f444,2002-01-14,,999-31-3411,M
338,0b6a83ae-fcb1-4b75-9ffa-d52898167d66,1989-08-05,,999-66-3950,M
339,8ba79a69-6f3f-4aa5-be2a-dfbd0119d3ea,2015-08-06,,999-43-7577,F
340,c1cfae08-b141-40ea-a8bb-78c46cde0f3c,1946-01-24,,999-47-6710,F
341,badf923b-91ff-4838-b9f4-94c80a6931f8,1987-06-18,,999-95-8946,M
342,0edbb001-5914-42b6-9194-0a3c753b5c25,1967-07-14,,999-57-2540,F
343,128d5c93-dfce-49a1-8d08-e9b24abcb4db,2015-09-03,,999-19-4863,F
344,dcdc32d2-4c93-4509-b9e0-be4c5b5744eb,1995-04-12,,999-16-6407,M
345,0780f97f-e326-4e51-8b5c-3461eea70517,1939-06-11,2006-08-18,999-89-5496,M
346,0149d553-f571-4e99-867e-fcb9625d07c2,1979-06-21,,999-38-3166,F
347,506c6137-e174-474f-85fb-41398ace5ef4,1976-05-01,,999-64-6431,M
348,4fa58d5a-5acd-4629-ba8d-4524661d8b74,1955-05-06,,999-13-8379,M
349,eba0f292-1951-4af9-9f14-9d6e9db8e480,2007-08-06,,999-48-3220,F
350,7ab8d08a-bdcd-471d-86b9-3c86f19d39ba,1967-10-29,,999-78-6409,M
351,df72fdee-e347-4c77-a3bb-074655dd67be,2016-10-28,,999-40-6858,F
352,b8c44adf-4307-4ce5-84e5-2eb98e6b17e2,1974-09-24,1987-02-24,999-54-3196,M
353,5846c531-ad71-4b34-9607-3a1022cddffa,2008-09-07,,999-46-6114,F
354,bbd67ecb-c7fd-4965-853b-d59f385424ab,1993-09-20,,999-59-5848,M
355,7d3adf8f-e840-4480-8353-584d743081b3,1967-12-10,,999-45-3980,F
356,d10ef59e-2231-467e-bbd0-c76c73f04f95,1988-03-22,,999-91-1484,F
357,5d4057c5-e455-4ab1-aea6-3371566cd862,1939-06-11,2001-01-03,999-44-5249,M
358,94aef7c4-e4a1-47df-8467-1be7a64ad884,2011-10-05,,999-92-8067,M
359,851275c6-bc90-4e95-a9a7-6f42111be448,1974-09-24,,999-80-8226,M
360,29265f8e-2df1-46cd-8689-e9cbbced50f4,2007-10-05,,999-69-4016,M
361,80bf0f47-724a-4254-b3ec-d54c15ad83b9,2019-07-05,,999-23-5953,M
362,522feca0-e3fb-4867-9663-f699fbe4f7a1,1993-11-04,,999-25-6957,M
363,e901ce7f-cce0-46dc-b04f-45bd916c4cae,1976-09-06,,999-61-9177,F
364,b109dfad-954d-4a5a-91ee-6581dfeb7f93,1969-10-07,,999-25-4210,F
365,9ec4030b-2529-4647-b325-b04c6b44874b,1969-07-16,,999-39-7572,F
366,afb2122f-e8e3-4ae4-9911-b8e2dc4f567d,1939-06-11,,999-51-2974,M
367,9f0696f4-ab85-48f0-9d61-44c01893d2f0,1982-11-18,,999-59-3542,F
368,5afd4157-103e-4838-9166-22c8a7104b30,1989-06-22,,999-74-7391,F
369,447813c0-3e39-4eda-9012-38bb69f026c8,1962-10-05,,999-37-9898,M
370,27a8b7b6-007d-4036-82a7-80a9ab670dcb,2005-04-13,,999-63-3142,F
371,499223b1-e26a-4e04-b258-afc9696be065,2007-04-04,,999-53-8813,F
372,d00fc5dd-be0e-47aa-a52a-5cf9ee3a78b5,2002-11-27,,999-12-8726,M
373,f77ee33d-ba6e-40f6-a0b5-74c22aedcb45,1986-07-10,,999-29-2519,M
374,f186b9f3-8c70-4bbc-8335-4bb2ccca0a3c,1995-02-14,,999-75-2260,F
375,7e4e6d32-15cd-4d5f-a4cc-e5c95ab35eb0,1962-12-18,,999-35-9139,F
376,841095eb-d29f-4492-8f0e-08011321e85d,2017-04-08,,999-81-1909,M
377,3f336702-bf73-4fc8-bd59-3ba77fd65d0d,1923-06-22,,999-78-2157,M
378,171508e4-8de0-4f33-b7d0-87b7ac4a8008,1958-09-22,,999-25-9934,M
379,7342aaa6-55d8-46d0-bce6-9cef87395f54,1989-07-22,,999-74-2394,M
380,6c7ce9c1-78a9-4b72-beff-366cf7aeef5c,1964-10-30,,999-61-3628,F
381,53b564bb-24b2-47ac-91ba-054e71a108e9,1967-05-31,2014-02-26,999-71-5278,F
382,2be232c2-45cd-4621-b16a-9bd0ff62181a,1954-06-05,,999-45-9409,M
383,5ce924c7-ec4c-4b5f-93ff-2ae274654c74,1981-11-11,,999-30-4628,F
384,d0bbc03d-df4e-44e3-ad4c-b5739dd67887,1949-03-16,2016-10-08,999-94-8713,M
385,0ba90366-87ad-4f9d-9bcd-c11e63eb6f27,1955-03-04,2017-03-25,999-36-3532,F
386,93947012-6d29-427b-a0a7-ea2ce8360b46,1960-01-19,,999-60-7685,M
387,d9e0f5cd-e132-42d4-8727-01ba47c697b8,1976-05-15,,999-92-5850,M
388,33189b5c-5919-4e99-8b62-89b225531eac,1975-06-05,1976-11-11,999-25-1295,F
389,bb05ba4c-bced-42c8-ae3d-9e732823fb44,1962-10-02,1966-06-13,999-29-4303,M
390,bc7b7bdb-c9cb-4d48-b5f3-da873de93a22,1971-03-19,,999-47-2780,F
391,42858ac1-95dc-464e-84bc-5585a88f616f,1967-05-31,,999-63-6523,F
392,be3eaf02-0c8a-4729-8b6e-7b40ab016e29,1940-10-29,2006-09-01,999-46-6653,M
393,16fe231f-5db5-4213-9ce0-ba1944eac066,1955-03-04,1990-06-01,999-20-4435,F
394,79c74afc-ec58-4b7e-8b5c-1b2c5d9ff1f5,1973-02-07,,999-27-8244,F
395,4267aaa2-7bc1-4dd5-a059-a78743dad7ed,1975-06-05,,999-13-3615,F
396,6a8faf4c-5577-4f9b-964d-6dc253b3b0c1,1949-03-16,,999-80-9110,M
397,32fbdecd-7987-4efb-9b6e-4c8e460cbd66,1962-10-02,,999-53-4967,M
398,ee74256b-7850-4a07-9034-6497aee04256,2011-03-11,,999-96-2394,M
399,12540ff0-7817-40f4-8b55-a19926736785,1999-09-02,,999-85-6147,M
400,c6fc7fe8-483a-4df7-ba2b-260ea4de9aa4,1963-05-17,,999-22-9266,M
401,099198eb-df60-41d1-ad22-3655b957d805,1942-05-23,1999-03-25,999-88-3032,M
402,4b8d5256-a202-4f3a-be23-5f4351251eb3,1955-03-04,2015-05-29,999-88-2158,F
403,3047ebac-457b-4a6d-85eb-f59eef4f76cc,1940-10-29,2015-01-17,999-19-2164,M
404,64eb57c7-d74d-4f4f-9f7f-b58a1fbc57df,1968-06-06,,999-23-9154,M
405,ee7f6c74-a8ed-4147-b8e2-4879c8657b0f,1950-04-11,,999-24-8407,M
406,e51205c4-1713-4360-8257-8e3fac3afb67,1973-11-15,,999-97-7257,F
407,73d6a730-418f-4dbc-bc00-6d2c53bfa89a,1949-03-02,,999-31-8866,F
408,732e322c-2329-497e-ba49-5b21fcfa863f,1997-08-20,,999-16-8594,F
409,8507a0b0-b667-4a07-90f1-8cfb2193dcd8,1942-05-23,2009-06-20,999-56-1160,M
410,c2b13854-9810-4c78-93be-08f0b6523e8f,1975-01-10,,999-99-2574,F
411,e033651a-9391-4ca7-abe5-3823b60a12d9,1937-02-17,,999-77-5341,F
412,dea008f8-c3da-4b74-9b12-db1de6e07730,1955-03-04,,999-21-7116,F
413,da44a96f-4140-4a0d-9646-fb5415b8c371,1960-04-04,,999-61-7213,M
414,8829af4f-4e03-452d-a575-ebc892f0ad3f,1940-10-29,2014-01-25,999-99-3810,M
415,5caf8d69-3d67-4264-9dc3-4dd69ddf327a,1983-06-21,,999-61-4062,M
416,e112cedd-a98e-489e-abb0-875420d40397,2013-09-08,,999-98-4107,F
417,36267e65-b252-451f-a4f8-bfcc80594aac,1986-07-11,,999-87-1910,M
418,b271a454-c57e-4566-899a-956e5484c5e1,1985-11-06,,999-25-1978,M
419,70794fdc-0702-4e0f-9682-8ec5d7145436,1940-05-14,,999-79-6818,M
420,95d84986-5087-4248-b678-9fe8be9fc2be,1913-05-30,1976-10-24,999-61-7267,M
421,48713268-0ca7-4699-a372-56af983af6f0,1992-04-30,,999-80-7704,F
422,f1fff31f-a2b2-4237-9429-4fa8d9625374,1976-05-19,,999-61-4522,M
423,67156a1d-2e86-42e0-a81c-6ce3af24aca4,1913-05-30,1926-03-05,999-35-6285,M
424,ac6a219c-0f4a-400a-965b-18376e981cb5,2018-10-07,,999-33-2431,M
425,1a7e8f38-95df-4c27-8897-21ed04c3b98b,1942-05-23,2016-06-10,999-14-8763,M
426,668ad49e-46d7-45ec-a4b4-dab0961d180b,1958-03-28,,999-31-8277,M
427,a7f1fa30-89c1-408a-8610-c09db0c8d90d,1940-10-29,,999-11-5642,M
428,8c956d17-23d5-44d1-b41e-7f26833c77fd,1972-11-13,,999-34-1014,F
429,ff3714ac-c7e3-4910-905e-2a321eb28144,1997-05-20,,999-38-3160,M
430,293afb6b-b727-445a-a5b5-1c7a419ba7e2,2019-05-25,,999-90-8425,F
431,0b93425b-2c05-40c3-a806-25807904c598,2009-06-25,,999-29-3455,F
432,666237cb-e9f5-4126-9d0e-3706dd5f897c,1967-10-14,,999-52-6272,M
433,a49b8342-1954-48dc-9322-24bbfe3662c5,1913-05-30,1978-10-24,999-60-4614,M
434,e5b763ef-2b9f-4c7d-8dbd-1a8ffad0d649,1964-02-07,,999-41-6503,F
435,fa1b3cf1-5443-48c4-b663-ca38914a0e91,1946-12-07,,999-29-4506,F
436,cafc2141-2307-4f62-abd1-2d6e5486d7a5,1942-05-23,2011-12-14,999-68-4539,M
437,79f5692c-fdf7-4413-8f9e-89adecd0fb99,1955-12-19,,999-21-5939,F
438,f1462368-c891-4ede-9a2f-782da4386bcf,1987-03-29,,999-44-4521,F
439,53f3587e-b9bf-473a-b36e-62f0e1946fa1,1949-02-26,,999-10-3134,F
440,8960bea5-7854-4446-a6a3-2baaace4cdfa,1973-04-21,,999-68-5863,F
441,aa01c44c-133f-4ad6-a1c1-055e54e444ea,2012-05-25,,999-16-7919,F
442,f00be2a4-f2c6-4cca-bbd7-4e6ce7b0033a,1997-09-13,,999-80-6075,M
443,9c55170c-081c-450d-b90b-3a580a820e77,1989-04-30,,999-58-2173,F
444,77f75716-3e7c-4e75-ad10-e5f04ae35002,1942-05-23,1977-02-19,999-96-9799,M
445,c79f697b-6592-459d-9acc-6088420ea65e,2008-10-13,,999-61-8728,F
446,756e459c-b53e-4120-b427-a80a5caebc06,1990-10-01,,999-28-6687,M
447,a1678674-817f-4454-b79d-f8a7396bc150,1993-01-09,,999-92-3009,F
448,6e239b88-5153-4098-85ab-27bd7539cd0e,2013-01-10,,999-33-2298,F
449,6f6492b6-fc11-42ed-aa0b-ec99b1cfc12a,1913-05-30,1996-02-08,999-81-2835,M
450,cdede94e-2fa6-4100-9dfe-bbcb85db132f,1964-11-30,,999-24-9089,F
451,03963166-b49f-4440-a80d-30abb90b4a78,1979-08-19,,999-53-2391,M
452,6d5c2529-b925-47e6-bb15-7ce2ce6320f3,1995-11-20,,999-99-2588,M
453,9e431420-959d-4b8d-8f94-c35632fec209,1952-03-01,,999-61-4061,M
454,fbb19794-9e58-4232-b7df-dfed61c3341f,2000-09-16,,999-72-5034,F
455,c3d53676-4539-4ac7-98a9-cc893eb9f63b,1994-09-25,,999-50-8970,F
456,0c5a6873-0823-497d-b5cb-57f28a11bf62,2003-01-25,,999-94-9788,M
457,20c3ca32-ec09-4e7c-abab-9f7711cbe235,1939-06-22,2014-07-10,999-47-8632,M
458,cfbc4b3a-979a-4773-aed4-c922e5c4729c,1979-12-14,,999-62-3196,M
459,b2621e20-d377-469e-a59d-cfe5e580b893,2000-11-08,,999-90-3354,F
460,ac89baa4-4798-4392-aeb6-a4e635721290,1913-05-30,1986-08-05,999-82-3819,M
461,b89ab36c-1335-4fa4-9040-d86c6c22dc8d,1958-09-09,,999-88-9097,F
462,16ff017b-226f-4df9-9ea0-74a68b064dc2,1977-12-01,,999-72-5157,M
463,2fbb6d14-280c-422d-abce-ee1b27b9f90f,1951-04-08,,999-39-7113,M
464,43539cc7-ae47-4e90-ab68-39506ef8da30,1974-11-14,,999-52-3625,M
465,ab6a2662-f6d1-4da6-b3ce-3929d68650d7,1971-01-16,,999-76-3317,F
466,c9942738-49f3-4459-818f-8da20072ff76,1935-10-27,,999-51-8991,M
467,ecd32edf-a122-4d6b-a180-b84367bb726a,1939-06-22,2014-01-01,999-61-2076,M
468,cc257592-c844-4cc0-85dd-05bff3297ec8,1973-01-17,,999-86-8914,F
469,76ddb9d8-0c16-478e-b6e5-b5c2e4f7860e,1984-05-10,,999-11-3275,M
470,21ea6e91-4548-4a56-8242-7d7aa6fc8fe0,1993-02-06,,999-32-4175,M
471,65fdd955-9b96-4faa-8b71-c29b8807f709,1986-02-01,,999-66-6987,M
472,119ab996-9fbd-4243-9a4a-e821dfc6c6f9,1913-05-30,2001-05-25,999-27-9054,M
473,1c2d500e-c583-40f8-83a8-c987d21346b7,1988-02-14,,999-79-8635,F
474,7f0a46d8-43bd-4141-ab86-92b63e1da025,1993-03-01,,999-92-7829,M
475,27609b77-5865-4592-a347-f842a31cf677,2008-09-27,,999-21-5395,F
476,e521bdba-f8ca-4cf9-9c4d-ade83f63e496,1997-05-19,,999-24-9609,M
477,f830d725-640c-4c94-972a-61207b748347,2009-01-23,,999-56-3326,M
478,6d3480e3-45a3-4f7c-b97e-0901dc6c8b05,2010-07-27,,999-84-2499,F
479,9c90166d-96cb-4680-9190-35ab3e448c53,1987-02-06,,999-59-2449,M
480,0e866809-bc7a-4014-850d-06228ed80226,1955-03-05,,999-48-4678,M
481,7fef7a7d-0198-457f-8aad-267232321717,1939-06-22,,999-63-6992,M
482,fd3be685-fa44-4ccd-836a-f4a47b2d4d34,1978-07-05,,999-93-4311,M
483,59cf17d9-6c13-4333-a1cb-cc5fdf63366d,1942-05-23,1995-10-14,999-57-6627,M
484,f4b626d3-6a08-4041-a726-c3d6305fabf3,1998-02-15,,999-63-5949,M
485,ba756dea-d446-44aa-a3cd-304fcb047bee,1943-02-21,,999-23-1775,F
486,a2741aa9-029e-4c1d-83f3-4f750c593299,2016-09-26,,999-41-3635,F
487,b580d37e-983a-410c-9f81-637ce14f8975,2009-06-12,,999-78-4534,F
488,a905bc35-28b4-421c-b2a6-26f7fe4e28bf,1963-08-07,1974-05-29,999-54-6849,M
489,b505f4b0-c176-4af0-b080-744e82af7953,1935-08-14,,999-66-6097,M
490,1510fff3-4a1d-4606-9ede-a5342afa6886,1954-10-15,,999-43-8466,F
491,dfeb8bee-d1d7-4d41-a1de-2a42795d28a9,1986-03-01,,999-52-6602,M
492,42f5948f-7a5f-417e-838c-e4ff331deadf,2008-04-25,,999-43-9117,M
493,c844d8ac-d5bf-45eb-b8cf-84327c9a4e97,1965-07-08,,999-43-1836,F
494,596843e0-b4a6-456b-8484-ed88f877ea8c,1997-08-05,,999-38-6357,M
495,55cc31db-baec-40b5-9b4d-276944000751,1963-08-07,,999-96-4308,M
496,252fc319-ec89-43e4-b28c-184e9b5542b4,1971-06-14,,999-89-5921,F
497,a0b45d77-e330-44a3-9085-f06e636e5175,1988-04-28,,999-46-6869,M
498,2f5c3b8b-fce5-4c27-9cd0-c294d1d82054,2005-03-28,,999-40-9902,F
499,2fa0c2b3-48c0-4fd4-b9f3-d6bfe033b175,2018-09-29,,999-13-8342,M
500,85b81fe1-9eaa-419b-9cf6-16aabba09fd6,1992-03-23,,999-11-9987,M
501,ca24f616-30cc-4351-aca9-1b49297de076,1942-05-23,2001-02-10,999-61-4406,M
502,a6028f3c-c013-44af-97ff-949dd2096ed3,1946-09-20,,999-45-5647,F
503,22da6290-e240-4875-97ec-0c2372ff45e5,2018-07-16,,999-24-4185,F
504,c2910dc6-102b-44fe-8f7a-900d875ccb14,1995-03-14,,999-50-4732,M
505,fcee8e43-b4dc-40c3-bb1e-836292c5b03f,1973-10-26,,999-47-8708,M
506,cbec03bf-d54a-41ec-9090-bb36a70028b0,1966-09-04,,999-68-4769,F
507,8fdd7aa6-b33c-429e-bcf9-b15fb189ee3c,1981-09-09,,999-33-6634,M
508,a6cd11fc-5a43-4bff-acb6-5ef4896a6c1e,2013-06-08,,999-51-3411,F
509,5bb2161d-1383-408b-a96d-344c0bd5f23a,1972-04-25,,999-95-4053,F
510,aa8dc980-7ac9-41cd-91c8-863dfe401d61,1958-11-02,2002-10-26,999-56-5523,M
511,c4f221f2-611b-4cdd-a0b6-958bbbfcf346,1987-03-18,,999-30-7178,M
512,02f9aadd-72de-4b20-b381-f4c3b1cf7aa3,1942-05-23,2005-10-12,999-68-3912,M
513,1a83f5ad-8f5a-4455-835e-22cc1ef19576,2009-04-22,,999-69-1703,F
514,02ea2f1a-ddcf-4809-8279-dde7a62e0318,1991-01-08,,999-59-6497,M
515,b656a85d-637d-458a-abd8-17219816280f,1974-01-13,,999-29-7256,F
516,0b9e5e4d-2e1a-4ea6-a307-d8747ed779d0,2010-11-04,,999-20-7124,F
517,5c1660c6-e806-4e52-a76d-846df0aea060,1951-05-16,,999-53-5103,M
518,fd1e9a6d-5b50-4a6f-bd61-c884ab89f5c6,1942-05-23,1967-01-07,999-52-4376,M
519,064341a0-60ed-4d68-88a7-5c730572d285,1958-11-02,,999-14-4569,M
520,b4a1d631-9d42-4f8b-bf8b-30d7eb2bcd4d,2004-09-16,,999-48-2842,F
521,85a07bb9-eb47-4fb3-8f96-c0a77f4821c6,1972-05-10,,999-29-5275,F
522,78b7450d-df19-4780-aa37-fe093291d36a,2002-07-29,,999-93-2541,F
523,c986f01b-c0d0-46c6-809f-ca215706aa1d,1962-02-13,,999-94-9258,F
524,7148eb24-d1f0-4a5c-93c0-3d2a632f25da,1962-02-13,,999-68-2885,M
525,d9b90b1e-e22f-48e0-85e5-ca8a71ad06f7,2017-02-05,,999-10-9858,M
526,5731992d-4bce-4b84-876f-09df55166f1b,1994-06-16,,999-97-3969,M
527,99070f34-0b6f-4e84-97ea-cfc44ffaf5e8,1981-06-20,,999-47-8269,F
528,ef544417-a448-4c9d-8ddf-cb7fb513061d,2019-10-16,,999-30-9476,F
529,a28437ae-41af-497f-92f7-f1ed28d35a74,1959-10-17,,999-37-5671,F
530,25d379e3-eb72-4f13-a683-b0c990d965f0,1958-01-18,,999-95-3873,F
531,88ea8573-863c-47e3-b144-b810c63156a0,1962-10-25,,999-64-2812,F
532,2c3932da-bde3-4d3c-a790-ff3b0fc4fb53,1942-05-23,,999-87-4890,M
533,9ab883b3-d1dd-4120-b19c-e78d3ea8c25c,1968-11-29,,999-68-4955,F
534,f1c1d986-9e19-40df-b761-799db01c1e57,1985-02-13,,999-28-2122,F
535,77a0cd86-92bb-4c6d-a91a-49ee66e353b9,1989-08-19,,999-62-5886,F
536,ea8e6623-5590-4d01-bfc1-25d86b1b4491,1994-04-21,,999-70-5118,F
537,4440ff11-69ec-440b-a2bd-dc1c14105e8e,2001-11-20,,999-68-1710,F
538,e8ae3951-69d1-4257-a22b-ed03327260d7,1995-06-29,,999-72-7444,M
539,3886269a-5118-4f12-95fe-6c5440b53c0d,1993-05-03,2004-05-19,999-93-1248,F
540,fcc61454-1b07-4e49-a25b-29e5064e0063,1966-07-06,,999-87-1534,M
541,55de6142-7bb1-47f0-95c3-29fda996ef6b,1953-01-20,2019-08-07,999-52-5743,M
542,4f046695-c67b-4e9a-b392-f0c6d54d580f,2002-07-01,,999-70-6525,F
543,23a1784e-a607-43d6-af0d-6e37743d7333,2017-12-03,,999-94-5741,M
544,1aa71b23-790e-4d22-92da-c689682c8993,1993-05-03,,999-84-7590,F
545,f1921fc3-fdfc-441d-a928-27c18002fedf,1909-12-22,,999-71-4454,F
546,15545751-f1be-43db-9f35-b3aaa0a959e2,1949-09-04,2002-08-26,999-19-7899,F
547,2d3e8561-04d7-48eb-8bac-a978d10f5641,1969-05-22,,999-76-4453,M
548,f9149e25-1799-44bf-a5aa-449b41161345,1981-05-26,,999-16-7133,F
549,c76902dd-7c4a-4c83-aee0-933dee295bac,1983-08-11,,999-70-9543,F
550,a263f1fb-ffb1-4913-997f-455b6c6ab81e,1975-09-14,,999-27-3221,M
551,1930a1b6-6533-4509-ab9f-df36f00fb8ec,1988-11-22,,999-91-7188,M
552,6dafa93d-3698-4124-9bbd-7429cc2a7374,1953-01-20,2019-01-29,999-68-2068,M
553,5072b4ab-5af4-4823-8f25-05d0704dbaec,1960-12-27,,999-96-1583,M
554,1a289f28-b73b-4d3a-83ef-2216e8837bad,2005-10-15,,999-68-7312,M
555,143a7c79-21b9-4240-b8ec-dbeb600699ea,1972-12-05,,999-79-7251,M
556,2f423855-1f84-4faa-9218-cd593bef6fe1,1977-01-21,,999-74-9009,M
557,593548b9-2898-4fcc-b457-2ade24d11123,1949-09-04,,999-16-9495,F
558,bcda3cdc-3c23-4c5c-9a95-4fbceb049bc8,2011-11-20,,999-21-4206,M
559,80f7a79f-61f1-4ec3-a2c7-226611a54044,2001-08-08,,999-46-9541,F
560,aefbe288-f630-4c24-b180-535f6554ac6a,1915-10-24,1988-11-11,999-25-5102,F
561,9ba75b66-e3a1-4476-9494-586b7a759ea6,1967-11-27,1995-04-04,999-28-5447,F
562,8641e13a-c832-4d97-811a-b735d0abb45e,1982-10-06,,999-88-6708,M
563,dda6a788-814a-48f2-8ebe-bc57e4cefd92,1942-07-23,2003-02-15,999-32-4761,F
564,81805635-f2f4-4844-b71b-73578520d372,1953-01-20,,999-73-6612,M
565,ba2c1e9f-16e0-427b-97db-dc639daeaaee,1966-12-05,,999-77-3784,F
566,96d27517-8187-4346-bfdb-83188cc4bddf,1997-01-06,,999-71-5650,F
567,2a5c04ff-26e1-4406-831f-be13b540cbc7,1968-10-14,,999-80-2855,F
568,33c2184c-bda1-4d31-b0cb-4f18c46822da,1967-11-27,,999-29-4068,F
569,cda36bac-8f55-4856-b586-140314f6cd89,1980-12-15,,999-31-2959,F
570,0e796659-9d7a-4383-85c9-b72b43b80252,2008-04-28,,999-12-8856,M
571,2dc2c931-b06e-4249-8a39-c33bc60c0f03,1942-07-23,1997-08-10,999-77-2149,F
572,875d9a6a-1c7e-44a9-96a0-b4ba92e40841,1958-01-07,,999-31-1354,F
573,6abdc54d-098e-47dc-8e11-701464386c67,1915-10-24,,999-68-6750,F
574,ec277ad1-49af-4f53-829f-9c074331160c,1992-05-15,,999-22-5531,F
575,f94257f2-07f9-4b69-8d77-f13e4ad60511,1963-02-23,,999-45-1210,F
576,f1e270bf-45bd-481b-938f-0aed25ddbed3,1992-10-05,,999-24-5753,F
577,69b60335-4bd9-4043-ad76-26b75d7dd40a,1956-08-18,,999-60-5999,F
578,a52a8c87-d4e2-4dab-8f42-1d2989c05f26,1999-02-26,,999-40-1817,M
579,893cbc3b-e477-4310-88ac-3112ed8e06da,1964-08-28,,999-21-5316,F
580,14213801-5f47-42f9-9a84-729bdc410786,2004-08-25,,999-40-5765,M
581,c4104ee4-a546-4358-bba1-910ee7010952,2007-03-22,,999-49-2305,F
582,28fef93f-53af-40f8-aff0-007f61a53b27,1942-07-23,,999-16-1179,F
583,8d96aa0f-47c6-418e-9171-d3ff9e92b562,1999-03-22,,999-67-6152,F
584,3ebabd5c-40e0-44c2-8d9c-470d62889cef,1983-05-12,,999-53-3174,M
585,5f1c9186-80b0-405f-9f74-c4e26beb1d01,1990-07-01,,999-40-6341,F
586,317ccdcf-cb9c-488c-901c-a5d61c249919,2000-12-16,,999-24-9401,M
587,2e3f986b-0894-4e57-a893-5d7eb334c829,2015-06-14,,999-29-6195,F
588,4877881d-b098-4299-9075-febe1b3b8934,1975-02-04,,999-16-7023,F
589,e8b73cd5-45fb-423d-b51c-db52adb5d6a5,1992-12-17,,999-87-1679,M
590,2ebc60de-f35e-40ef-ab09-ed736e6b4caa,1995-06-11,,999-99-7014,M
591,7a297104-f0bd-4ca6-aa19-c910e2a45f01,1967-05-17,,999-62-9894,M
592,7ec148ed-47a0-4d8c-a020-630b5f7a81db,1972-12-19,,999-97-6715,M
593,04a849f4-1aaf-4112-a62f-d44df4325773,1997-07-18,,999-62-6123,F
594,2b67dfa5-83a8-49d9-9dd8-5bb4c2091516,1993-05-17,,999-99-8105,M
595,ca8803ac-66ef-4895-a8c4-290313fcee6f,1980-05-06,,999-49-8670,F
596,2a4f645f-3287-441e-804e-a3607ee902b5,2004-07-08,,999-67-2558,F
597,eaf6eec1-84ec-454e-8a9a-eafd13da4241,1939-01-25,,999-17-5888,M
598,ed6fb8d6-c14d-4e34-a029-2dab33855ddd,1973-06-10,,999-41-4345,F
599,9394cb52-7d92-4577-976e-d017af06ed8f,1980-03-15,,999-37-9029,F
600,9ec6d974-df2b-44ec-acc2-77d96725f4f4,1955-03-31,,999-89-7709,F
601,bfbb7a29-dc54-4302-a8ca-7a3f792d9243,1975-01-25,,999-70-4622,F
602,8a1d2c26-0774-4526-916f-1148e0357b5d,1977-05-13,,999-93-1751,F
603,5f7f2deb-6627-465c-980a-9b6b4bf381dc,1979-12-25,,999-19-9205,F
604,d5fcd3d4-52eb-4511-828b-eca2d5b385d9,1990-05-23,,999-86-3939,M
605,bb30c9d3-913c-49ce-8cd9-75405f7a19e9,1952-05-07,,999-30-7218,M
606,80d81807-e19c-4704-9138-0c89a5e8e536,1949-08-02,,999-49-7032,F
607,1ab6d5c8-edbe-4c71-8f7a-2af7010af2ab,1946-06-24,,999-32-3976,F
608,78ddb775-9cd7-46c6-87b9-277a2a92c72b,2017-12-04,,999-22-2463,F
609,45840f9a-a735-45e4-beb0-b750fc9a712e,1988-02-11,,999-47-3871,F
610,1e040769-9101-4228-9b0b-26263faf7297,2002-11-26,,999-11-3069,M
611,6bac5e1a-692a-47a7-ba58-474ce3713644,1986-04-02,1987-03-28,999-40-3252,M
612,64c260d6-c09b-4280-ab86-0410f555e1f4,1991-09-12,,999-68-9300,M
613,bab51ea9-2945-4f8a-8015-e430f80a908e,2013-03-26,,999-65-6656,M
614,ebc9c42f-9df2-4126-ab89-c0806fcfa72b,2010-07-01,,999-65-1011,F
615,ba1525cd-efbe-40b3-ad47-e4a670c8d802,1998-08-30,,999-68-3650,M
616,0982ef39-7ff9-4c24-8239-e9fc0667e8ca,1998-12-14,,999-87-3074,F
617,ef4b2429-feec-4c00-8c41-a700071957cd,1978-03-25,,999-62-1875,F
618,0ace3e15-8aa4-41c5-8b90-2408285ebcfe,1986-04-02,,999-74-5440,M
619,3a645748-8ddc-4876-8674-5c1ac5bf2899,1928-01-31,,999-16-9592,F
620,8c31f907-0b18-4df8-a9eb-1657965d93d6,1991-10-27,,999-11-5243,M
621,c67349f9-19e4-4f79-9203-55540b153492,2016-01-15,,999-36-7869,F
622,adfd8b86-9ee6-4e10-b56a-c1995bd9ef61,1966-10-01,,999-29-3448,F
623,af1495be-5077-4087-98b1-9ff624c7582c,2008-07-17,,999-56-7613,M
624,61d64033-b6eb-40fd-a003-225ad15bb73b,1971-07-21,,999-31-7183,F
625,5b5bc31a-0e78-4e08-a183-e2503be440b3,1961-03-12,,999-83-6147,M
626,fa7dfb15-98af-4a78-8c9c-228dacf90153,1958-05-20,,999-58-8773,M
627,9c69f2d5-b7de-4634-84c5-bf3efd551f5e,1962-05-15,,999-44-5415,M
628,88159e4d-29e0-4f53-a821-e9cc3faf21b4,2000-11-30,,999-44-8466,F
629,4e83ed9f-f2ed-4add-8434-2fc116de704b,1942-02-05,,999-44-6419,F
630,e93ddf88-f6bf-47d5-a82c-025ba00a6790,1970-04-23,,999-77-9010,M
631,be8fc232-6d5c-4d97-9a1b-f9b17e06c3ff,1973-08-17,,999-83-8158,F
632,3f2d22c9-5faf-4e71-8d83-f47071bae997,2010-08-14,,999-64-6666,F
633,8e075015-6b2e-4cfc-bc67-a44d62c961af,1976-08-07,,999-77-3308,F
634,b3b436fa-3895-4085-ba32-6f1f2a9bfa7e,1959-06-03,,999-69-3267,M
635,f277460a-39c7-4b92-aa5c-cdecf71e2ac3,1999-06-17,,999-70-4404,F
636,79066870-ef55-4bcb-b849-1edf3f6487cc,1998-04-20,,999-71-2502,F
637,6aa4b3c1-4b16-479e-a618-0fc47fb99f6e,1965-01-08,,999-55-7212,F
638,1d4f63d2-ddc0-47bc-b2cc-6f58068a5901,2014-10-16,,999-78-4113,F
639,b4a203ec-0c99-430b-ba38-5c851f04ae17,2013-07-20,,999-43-3602,M
640,60320709-0445-4112-ab79-1997cc6f3822,1948-05-19,1999-05-11,999-67-6516,M
641,19dea027-3a86-4f26-8b69-bbe969cb67cf,1988-05-29,,999-76-7951,F
642,d3c9a4bd-8b91-4844-8df2-bfce4c0eef32,2000-10-14,,999-78-3854,F
643,cb96c95a-eaf7-4e02-9631-1c967a24ea2b,1995-11-24,,999-40-4986,F
644,a60cf760-8aa6-49f1-a24f-dfbd10097c34,1994-07-31,,999-16-5902,F
645,9949467b-303f-4d3b-80e8-8db9aa1ed316,1977-10-02,,999-41-2241,F
646,e4199934-4ef7-45a4-9583-8f764af997f2,2013-08-20,,999-52-2473,M
647,9caeb667-4b89-435e-a925-68265b9e87ce,1959-01-28,,999-18-1947,F
648,734dfbb9-6320-4fee-b21a-175d3f2f14ba,1948-05-19,,999-55-2411,M
649,dc00fea9-2f95-46f9-ba8e-d382489c6e6a,1981-05-05,,999-96-1363,M
650,f1728f28-ef0c-4342-9216-a4a4e8375961,1987-01-13,,999-82-3062,F
651,d8b07feb-551d-4b3c-9733-c468b8104f0c,1951-04-05,2015-10-28,999-81-2328,F
652,4eb14734-102d-442d-b683-809b100a1dea,1969-04-04,,999-19-8993,F
653,cc9b1521-809e-4426-81f0-1d7b307e2184,2012-02-25,,999-68-2911,F
654,2174522f-1d23-47cf-b56c-4ce3193c5bab,2009-10-16,,999-49-6603,F
655,7b99cacb-b260-4c0a-a027-d1be359d9876,1966-06-17,,999-38-4580,F
656,b13d1ddc-4cc8-4b99-a4af-cb0c0c6f605a,1977-09-28,,999-92-5238,F
657,92e610ea-e98a-49fb-b770-9dcc307a5777,1959-01-05,,999-89-6659,F
658,759ef86c-a675-457a-8304-0a6f34b57f8f,1951-04-05,,999-37-9963,F
659,40c83ae5-ba34-483e-b348-b558b44179ca,1925-04-22,2003-10-27,999-22-4520,M
660,aaa1801a-51d1-4b7e-a5b8-7e8547be60a8,1925-03-23,1994-03-28,999-97-8316,F
661,ed965dc3-2f77-4277-8684-b044a57a962b,1984-09-14,,999-61-8030,M
662,5bee22a4-3260-4bf7-9666-281fc8f1eeb9,1973-12-20,,999-55-6588,F
663,d2726876-1462-4c32-b0e6-1628fdb88c14,1925-04-22,1972-03-01,999-11-1805,M
664,ea32ff72-a209-4c99-a5e5-09f047152280,1981-06-26,,999-46-9501,F
665,e234ae17-7d4d-4d7f-8eb6-38edc1ebebc2,1911-12-23,2004-01-01,999-47-8656,M
666,23365743-e8f2-4aba-8242-15463f81f81b,1925-03-23,,999-11-9928,F
667,3c851902-c01a-499c-bf65-00125386275f,1992-07-25,,999-47-8614,M
668,795b6813-1f5a-4f4b-9909-3687c1c40aac,2004-12-09,,999-28-9935,F
669,716348ff-0af1-48b6-9c08-2907772ba5bc,1925-04-22,2004-12-23,999-56-9470,M
670,a2e8d9a7-0eb0-4441-adb5-7cc720380f4e,1911-12-23,1966-07-10,999-69-3445,M
671,d4adfa2e-89ba-4ae6-9770-ef5a7ec4173a,1961-11-08,2016-01-30,999-36-1067,F
672,1847f723-4c17-46b8-805a-61d8cb43c9bb,1977-11-18,,999-22-7855,M
673,19ad9612-4b4d-4a82-a323-c07168ec4d85,1930-03-26,,999-82-1922,M
674,13a3a783-ecc5-4ec5-b3dc-168b15cebb88,1951-07-20,,999-60-3722,M
675,887dacdd-e5ce-4556-8ff1-9e902d222d95,1982-06-21,1983-11-07,999-23-6011,F
676,e52a1bbc-7b12-4d01-82cc-1196da05e399,2016-12-29,,999-78-6914,F
677,fd0b3930-9d0a-45e4-a63f-deb872627381,1999-04-25,,999-64-3710,F
678,c8c1bcb3-f787-4d53-9e3f-8fc59740daa3,2017-08-18,,999-99-4105,F
679,9f5eacbf-4d98-4024-a559-86d7802e4ead,1925-04-22,2004-02-19,999-65-5992,M
680,6319546f-4629-4f12-994a-f489678bc05d,1995-10-15,,999-43-5463,F
681,18794a7c-c7fa-47d6-8387-9fc133c4e1e3,1982-06-21,,999-95-1628,F
682,84114892-a562-4dff-8135-e01c0c8a5cc3,1961-12-10,,999-49-6842,F
683,7e9b76f2-3b74-4a55-b4a3-a6a4bc51b480,1970-04-10,,999-71-1265,M
684,b5bbfa23-0c80-4762-a3b9-97ceebed8d27,1961-11-08,2016-07-18,999-82-2939,F
685,5c520448-6728-42cb-8cf2-457bc7c2b1f1,2008-08-31,,999-19-1869,M
686,6d8fdec1-d77d-4175-b250-f1bac5472b48,1911-12-23,,999-32-3912,M
687,b7740f2d-d404-4021-8c0a-2c395ef9b4da,1925-04-22,1974-07-24,999-27-4749,M
688,a3eb7df2-1943-4004-9ec1-d953794c638f,1989-03-02,,999-88-5653,F
689,3e66977b-83ab-433e-9cd5-91b6ea2019a3,1978-10-16,,999-45-2311,M
690,3f42f2e3-6f63-47d2-aac8-ee1f12271b47,2016-07-16,,999-68-3740,F
691,9b50f7b9-c67c-4044-aad0-594ee95b0c29,2018-07-01,,999-23-6268,M
692,97e25dc6-10bd-4ad2-9269-6e33b61870dc,2018-09-05,,999-56-9147,F
693,3335451e-608b-493a-9560-f0a05dd50b17,2017-03-06,,999-37-1994,F
694,de7c8b90-7d39-4245-afc5-e8d01b599ae1,2005-10-12,,999-77-8688,M
695,a694ecfc-e39e-46dc-876e-029b32ba0135,2006-08-15,,999-31-6511,F
696,b88dac97-2026-43e9-b40f-71fc0f888ce7,2002-05-16,,999-11-8443,F
697,295044c0-c8ea-4c19-a69b-30a68f3c9502,1961-11-08,,999-66-1213,F
698,6e20fc08-a75d-43db-b642-4f15064aeb0d,2016-11-21,,999-91-7902,F
699,d7d1f837-a2c8-4648-b498-a02278b91a08,1987-03-11,,999-58-8342,M
700,98d08360-e1de-46f4-a01e-0c66c92e5567,1925-04-22,1990-03-07,999-31-8775,M
701,6322b3dc-1e15-4df9-9d5f-dac2501d9960,1956-07-10,,999-33-6714,M
702,80427c8e-15ba-482f-b168-fc4f1d375179,1935-11-29,,999-62-4581,M
703,e1146189-55f3-4bad-9ee3-beca009d27a5,1972-03-16,,999-41-2437,M
704,baf82b89-1f3a-481e-b816-e176db1e2e26,2015-01-28,,999-16-6157,M
705,e98f6994-bee2-4238-bc9d-1997dd5a4260,1984-02-23,,999-26-8999,M
706,af08878c-08dc-4938-aebd-cd5da315c479,1949-07-06,,999-93-7135,M
707,fd3acd35-add1-4634-8c90-68ed0f638fde,1950-09-24,2013-10-19,999-26-3210,M
708,92c8d9dc-2430-4b35-8fa8-63bf6913737b,1985-11-07,,999-60-4301,F
709,e36321fa-0e45-4386-a404-6e1afda736b8,2018-06-23,,999-64-6789,F
710,64b55489-6953-48af-9e74-07e56130c0e6,1925-04-22,,999-46-9377,M
711,ee6551d3-ea6d-498b-8117-b4ff3e5bd85e,1939-01-10,,999-23-9536,F
712,c7ab72b3-8095-4913-8207-59f049a2ba98,1968-02-14,,999-76-5278,F
713,8b119fdd-0fea-46dd-9106-b5c7813e7260,2000-07-25,,999-88-6112,M
714,b48a38ae-3bb7-4e52-add7-bce581c87262,1911-11-19,1999-03-24,999-42-8857,M
715,6f7f9443-cb21-4b03-8cdc-14ab4894c779,1950-09-24,,999-37-1261,M
716,848e0227-5d5d-4bdf-8603-207cdea72e2a,1949-03-27,,999-87-5716,F
717,eafd1fd3-3778-423a-ba79-4584bd310eb4,2003-07-05,,999-39-2345,M
718,25f2b770-8821-48f0-a7fe-460dfe3b15b8,2000-05-15,,999-25-3887,M
719,8fd4e053-b318-44d7-9401-0ca84b4d1347,1963-04-26,2006-05-08,999-13-9544,F
720,7f874045-4062-405d-8c23-abb12d0af23e,1972-05-20,,999-81-1937,M
721,25d6cb75-fac8-4007-a065-819121f4bab9,2009-12-25,,999-63-4441,M
722,f079528f-e325-4c13-ac9f-da60cb48cdb3,1974-07-23,,999-48-2524,M
723,7ee74549-5b9b-4221-9f67-5b7221d94f1a,2008-09-19,,999-36-6265,F
724,81813194-e1ed-41c2-8f7a-122a60b06550,1971-04-30,,999-75-5931,F
725,c54cc071-b1fe-4341-a728-c6247909c486,1973-07-22,,999-56-1016,M
726,d08a86d9-8717-4206-8534-e81dd03a18f1,1911-11-19,1979-10-03,999-70-3179,M
727,8d2d059c-8114-41da-996d-639cd97d92e2,1982-07-20,,999-52-4945,M
728,2e4df8c7-8b04-4165-a1fb-e4234d8aebe7,1963-04-26,,999-88-5017,F
729,4ba0fb24-b585-447f-a2be-392c3a50c4b6,1969-05-07,,999-48-9741,F
730,26ca976d-0b5b-4662-af41-535ff670dd5a,2014-09-22,,999-70-4950,F
731,542a3d97-d840-4f63-9cc7-5110ce3f7e82,1956-10-11,,999-60-7953,F
732,ab88386a-1c0d-4d1c-89fc-b38f631b3edc,1990-01-25,,999-85-3833,F
733,0d270daf-d227-4461-a6bd-256676bdf824,1961-12-13,,999-54-8893,M
734,c6e8d2a5-ec57-4353-9e7f-0b0bbefd1959,1980-12-21,,999-33-3235,M
735,0042862c-9889-4a2e-b782-fac1e540ecb4,2009-11-26,,999-20-4613,M
736,b36658dd-cb89-41cf-b2e9-1d84894946d5,1911-11-19,1987-07-05,999-34-6461,M
737,b41a82a3-26a8-4ec1-b471-9b0887b989d7,1944-03-08,,999-95-8331,F
738,cae10920-f977-48b4-a0d3-4d70ad561fd1,1913-05-30,2009-05-02,999-57-1891,M
739,c9e63df1-a715-4c9e-b76c-e31ec0fc3e96,1998-08-09,,999-35-9616,M
740,899a4f9c-abc3-4a13-88e4-0f7862ee6ab5,1927-06-30,1995-06-21,999-98-4933,F
741,b2023485-94da-4556-8903-8d413bca8cb8,1975-06-17,,999-17-8698,F
742,986fb981-de56-4d8b-a2a7-d688f7f5974f,1985-01-08,,999-31-4553,M
743,65243e61-da11-42a6-826e-a43d960d1e84,1990-09-16,,999-29-3981,F
744,0ac1bb9f-5fdd-45a5-9891-2f826d86dc17,2015-11-28,,999-93-2128,M
745,199946d9-69de-43e1-9ce6-d6b646b84955,2017-11-23,,999-67-4988,F
746,4f0cc2f3-8492-41c9-ad38-f01219739df0,1964-11-05,,999-60-3312,F
747,4be910c3-22ae-4868-9dbe-667aec6e5342,1956-09-27,,999-31-1948,F
748,f1e65288-3df1-4bb4-b67e-b41d6f1385a2,1927-06-30,1988-06-27,999-56-6027,F
749,108cff4f-f9f1-4817-81a1-110697e354de,1948-06-30,,999-41-7679,M
750,0522e580-6775-49f5-b471-b39624280402,1951-10-11,2016-04-29,999-20-7971,F
751,9bec0b9a-f54e-4861-93ce-45c703f1929d,1961-06-17,,999-59-1072,M
752,3ef4c7dc-28c2-4436-b0cc-fa858e2e6c90,1957-05-12,,999-26-4970,F
753,475b2a8b-19a0-451a-b965-9c6bebf16434,1913-05-30,,999-38-4849,M
754,b87254fa-724d-4a80-8ac7-ca3c528d6e90,1969-03-04,,999-47-3151,F
755,08ea9043-5f84-46ab-9815-81d90024169a,1960-10-27,,999-55-8341,F
756,e47e6347-73d4-4244-b92e-8a7cea33d434,2004-08-13,2005-08-19,999-77-5746,M
757,2c7af31a-7740-4f28-80f8-d5005ea9c6c0,1965-11-23,,999-26-5956,F
758,137acc1b-dbca-473e-84bb-fe1baaf98819,1911-11-19,1975-11-03,999-95-7671,M
759,59486a8b-389b-4355-9df4-edc62bbd1a11,1951-10-11,,999-61-9573,F
760,5137bcf1-9fc6-4187-8d8a-da1624e21751,1927-06-30,,999-83-8712,F
761,0b48619e-1602-488c-a23b-3d4937153dff,1986-06-02,,999-47-8450,F
762,f588df9c-15b0-47b8-8867-00d45327b705,1983-06-21,,999-68-7122,M
763,2950e244-0ba6-4afe-ac30-e0d5529d1d1b,2004-08-13,,999-83-7615,M
764,dfc7b1ae-1583-4d88-970d-02712d55070c,2020-01-06,,999-95-9182,F
765,e130929b-3c86-4b5e-8b07-22537fc9e84d,1937-02-10,1989-08-09,999-39-7311,M
766,0df7cd60-097e-4fba-90eb-f7e9d9de0b67,1993-05-19,,999-82-8530,M
767,ed043572-d676-4b8b-86d0-435151812fd4,1994-10-09,,999-41-5383,F
768,bd06f239-4b79-4780-9f3d-2d48245b05c6,1993-05-14,,999-28-1997,F
769,51f196eb-b11e-493e-ad95-254285af055e,1963-08-07,,999-89-8579,F
770,b69c21d3-2a19-4833-b3a9-37bd30b64e2d,1956-05-21,,999-63-7091,M
771,6cf93841-acdc-45c5-aca5-7c3efefd7494,1984-06-12,,999-10-1847,F
772,c71fe37e-26f4-4b41-b017-5be7b5e129fe,1987-05-24,,999-72-7629,F
773,76811a9f-dd57-4949-9377-5c164d58665d,2020-03-04,,999-86-4346,F
774,b5b4755b-462c-4dcf-acd1-75ca01b7c453,1954-02-03,1987-08-19,999-31-1166,M
775,a3abc11b-0fd1-4eb9-a69a-9075b4737612,1911-11-19,,999-47-9209,M
776,f23e12d9-2ec6-4006-b041-ea78d374e9c9,2014-09-06,,999-81-9661,F
777,aeb1d328-5e2b-44e4-91ed-4527c91c7dba,1994-05-20,,999-83-4431,F
778,0288abb6-633c-40c3-ba0c-66c7d957727e,1950-11-28,,999-18-7195,F
779,24aa19bf-9bda-4147-8ed3-8b8a56bd00fb,1997-08-30,,999-67-4573,M
780,36421d27-328e-4b13-9fca-903c19fe49dd,1965-02-12,2016-03-10,999-94-1357,M
781,173c7abc-b19b-4533-aa53-7156b53df51f,1954-02-03,1995-06-14,999-91-6517,M
782,a543a58b-6127-448a-a737-3056c022601f,2012-06-11,,999-21-3864,F
783,508d609e-4740-4458-a1b0-3d2fcb0ba804,1992-03-24,,999-98-2742,F
784,00185faa-2760-4218-9bf5-db301acf8274,2003-11-18,,999-50-8531,M
785,d5e83f2c-49a2-4494-8933-da8809416e11,1973-11-09,,999-57-6186,F
786,4970c680-5a9b-4f7c-9d22-9c294fa476aa,1965-05-21,,999-29-1092,M
787,cb1be644-93a5-4208-8776-f5feece6967a,1954-02-03,1973-09-19,999-17-5234,M
788,104e2a62-f1b0-4395-991b-f46edca51dac,1990-10-15,,999-36-8414,M
789,5a1848d9-9b49-4529-94f1-e463b502c73b,1965-02-12,2000-03-03,999-56-6320,M
790,1be72444-925b-4a44-ac45-608a4ba2e8d5,1985-10-10,,999-89-4456,F
791,f6f561cc-1e0a-4f36-80c9-4b734d4b1a2e,1954-02-03,,999-37-7681,M
792,b574b7cc-3294-4d3b-8cfe-81dcf7456ab4,1950-07-30,,999-66-3945,F
793,ff6948b7-3d62-4bfc-bc7d-dbb6748ed0be,1977-06-27,,999-74-1098,F
794,f504b982-e99b-4064-ad25-9e5480e769cd,1957-04-28,,999-15-8346,M
795,6ec18ddf-e9ee-421a-9033-456f558c7b4b,1937-02-10,2005-03-23,999-64-1707,M
796,2146b1c2-74e9-4217-8869-b8121bead8cc,2010-07-04,,999-10-8649,F
797,f6499733-1d98-4d73-a168-1ef765ad827f,2012-04-14,,999-76-3052,F
798,ea521af0-e6c4-4a3c-899c-89c35c49287d,1954-06-10,2019-01-03,999-66-5434,M
799,d317663c-f8b8-47a7-915f-e3e68d1214cc,1995-06-04,,999-13-6393,M
800,33204bf4-1feb-4369-8cc8-9edc4ad79c92,1974-05-30,1986-03-17,999-85-8076,M
801,40bb6e06-0d00-40d1-92b9-f4f2bcee5781,1937-07-10,,999-63-5521,F
802,8bcead4c-0ed1-4350-81ae-af2e025c785b,1972-07-04,,999-83-4483,M
803,892ddfec-0a9a-4b70-b13f-849db0c65254,1974-05-30,,999-17-9642,M
804,1211c8ff-ab73-49f3-b2ab-87b7a03f6167,1972-03-24,,999-60-3859,M
805,a1f0728e-75f6-4120-b460-b8394bd08c1c,1954-06-10,,999-38-2731,M
806,257af8d7-ba2c-4394-9a30-691e6f80d8a6,1917-05-31,,999-92-1404,F
807,6958e2b0-3c19-4217-8049-2d315c70cab5,1937-02-10,,999-88-8239,M
808,5c06120a-9af5-4204-951b-7a8bfc465df3,1960-01-27,,999-67-9095,F
809,91ee0a50-461e-4d5b-9f49-76360b1d94d7,1972-10-19,,999-93-3983,F
810,9b745b3c-c385-44cf-b4cb-448b67e58389,1969-03-24,,999-57-8889,F
811,097079b1-ff8f-4ee0-8ce3-0ea744ecfa21,2003-06-18,,999-43-8940,F
812,7e3becd0-0053-4d2e-b57e-075b874c32a6,1999-12-14,,999-73-8345,F
813,690e0ead-590e-4008-a376-67f88c5d7bad,1966-06-22,,999-25-6081,F
814,dd0feb0d-607b-4d38-887e-657586bc28a3,1962-07-10,,999-34-5113,F
815,11e1992a-28b9-4ee8-bb7f-1c3a7041b57d,1948-07-04,,999-41-1321,F
816,4054b69b-2082-4ce7-ae96-0c10f7da3020,2006-09-15,,999-15-6841,F
817,d2f15935-a7c8-460e-add0-a1d39c4cc584,2001-11-12,,999-36-2124,F
818,7ea0b41a-3459-4623-a288-0ac335319244,1988-08-31,,999-90-8499,M
819,2cd4ff27-8689-4c17-b96d-f6daeeac830a,1943-02-19,,999-63-2990,F
820,8be62b06-5994-47fe-aad8-a27a02e054fa,1987-12-02,2015-11-28,999-12-3049,F
821,941f66eb-5ca6-45cc-b205-6de1f1a59233,1965-02-12,2018-10-08,999-44-9258,M
822,ff02f237-fedb-453b-85b1-ebfc2609c312,1999-09-01,,999-77-1436,M
823,7279ced8-7e16-4b9b-8832-47ea10aadd9c,1972-04-18,,999-91-7274,F
824,275e4aea-c071-42d9-8ab1-a462ef4732e0,1987-07-06,,999-85-6284,M
825,65b0df4d-7a31-4a6d-9afb-96952e930f89,2008-03-31,,999-62-3792,F
826,ce23347b-59a2-45eb-9666-391d719bd1c2,1951-11-02,,999-46-7607,M
827,8b18172e-bdf3-4998-aa8b-0db6887cdf53,2010-12-28,,999-23-7464,M
828,bd6049cf-d394-4818-8b37-a4498547844d,1987-12-02,,999-33-4009,F
829,076688b0-f0d5-4c45-8bc6-b206684fa9ac,1959-04-24,,999-81-5413,F
830,3b8d7909-9d3f-4345-b14f-d413a136d0c2,1991-03-25,,999-51-3116,F
831,690124c3-77f8-490a-abd1-94d318680748,2016-05-04,,999-71-2877,M
832,ab712bbf-6dc2-44b0-94f5-cde430069a6c,1997-10-15,,999-54-2128,F
833,78a9a8d6-b3b2-47dc-b4a0-867abec7c78f,1993-05-01,,999-75-7372,M
834,d21c1070-bfe3-43b7-8612-dbe5533b1e56,1965-02-12,,999-19-5866,M
835,471eb0f1-acfb-4df9-a7cf-f3af761ebd32,1992-12-21,,999-59-7374,F
836,bfe6d48b-68bc-490a-9979-9110da2f4869,1946-11-09,,999-19-9328,M
837,380e2738-59f4-4f03-a9f7-11d73c648e34,1945-12-27,,999-63-6313,M
838,8a2011ce-0a46-4f2a-ab6f-be7a287f9264,1974-04-19,,999-61-5587,F
839,e073858e-b506-4849-9cac-f764cd9218c2,1964-06-29,,999-27-1403,M
840,2e00e359-abc8-49aa-b98c-c0cc554acf34,1951-02-22,2005-02-12,999-41-1766,F
841,631107a0-17ac-4d1a-bc95-0089f4ed90f3,1952-02-29,,999-20-4074,M
842,62494529-9ceb-486a-9510-22f7cb454dd6,1990-08-03,,999-76-4242,F
843,5637fb76-12fb-41bc-82c9-d1a09bdae744,1933-12-19,2015-07-08,999-24-2680,M
844,9b8fdfcd-a8e1-4486-ac68-82cd1e190488,1920-05-01,2003-10-17,999-58-1410,M
845,5a9c745c-1aae-46fc-8175-8f42b5e4fc5b,2012-12-15,,999-62-5549,F
846,be33d994-f841-40a4-9410-66555cf90fed,1969-02-11,,999-62-9791,F
847,6c2edce4-10b2-47c9-8af0-69bfa5ab3520,2009-05-25,,999-67-8251,F
848,21a5c5d3-a090-450d-91c1-a9bf3f2902d1,1951-02-22,,999-90-6353,F
849,a2aa6863-6e21-4b0a-b46c-40a6c0205a10,2019-06-13,,999-94-6886,M
850,eaa47c11-c363-48a2-b6d6-7382de05bec5,1943-12-20,,999-86-6932,M
851,f7d0c659-4b02-4eab-adce-f0a2af63b4b4,1996-05-31,,999-91-9040,F
852,81e21b21-8b49-4ac1-b00d-46a7f43e46a9,1985-08-30,,999-17-5049,F
853,072f2f15-605e-4c83-b0a6-0274a0474b91,1951-04-17,,999-87-9231,F
854,77f8a626-c96e-4aca-ad5a-755eaeb975cc,1985-03-05,,999-55-1100,F
855,85a0da4b-6e8d-492c-976b-748e39daf4ef,1933-12-19,,999-28-6445,M
856,7707b0b1-9d24-4ec5-9d42-d6a077c037cb,1988-02-28,,999-81-1096,M
857,c123dca0-c994-4857-8563-b7f1eb6b2dc4,2009-02-16,,999-30-5097,F
858,7525003c-806f-401a-a6ae-751c39112c56,2001-10-25,,999-86-6851,F
859,0606d624-7695-41e2-96f0-0b5d3578ae24,1947-11-26,2003-12-19,999-58-1756,M
860,ffcfa457-00c2-4405-9837-ac2781549c7e,2016-06-13,,999-98-6176,M
861,714b9c18-783d-4f52-aa64-cc3a05a286d9,1946-01-22,,999-50-7241,M
862,dbcd6f5b-6069-4f03-95f3-5c17a0f2776c,1958-09-15,2005-08-15,999-23-6965,M
863,169c9208-990a-497b-b778-2632875b8e78,1981-04-18,,999-49-6202,M
864,5ee76f27-28b9-4eee-992f-fa9e6f04330a,2004-05-23,,999-80-6337,M
865,f710eff2-55ee-49d8-84dd-2cf92748199d,1947-11-26,1983-12-17,999-51-9367,M
866,11a0d503-fad9-4633-86b2-00398d650077,1993-06-14,,999-32-7236,M
867,96ef7705-0147-4231-af55-dde1c20ead7e,1964-08-21,,999-50-1863,F
868,ac6253d5-c80b-444f-8e1b-e4b8b7a425f1,2007-01-22,,999-82-4750,F
869,f19fb6f8-d186-43d2-b300-431a8357b4c2,1996-09-26,,999-43-7181,F
870,29c04840-6976-4653-8604-61434756f308,2005-07-06,,999-37-8485,M
871,b50ec6fb-6705-488f-96d1-6c8ea38940b6,1958-09-15,,999-87-4483,M
872,41de7636-253c-4360-8cf7-6fc166b0448b,1947-11-26,2018-06-06,999-46-2911,M
873,04db6603-0017-4cc6-a46d-6df577b0a10d,1972-09-04,,999-42-7567,F
874,9e1b6e6e-295d-418c-a94f-b2c69978d13e,1953-10-26,1978-07-11,999-38-2427,M
875,3dd2dd29-7cd0-48f7-b859-136c6e9d36e0,1920-05-01,,999-23-3991,M
876,07b30273-070e-47c7-9617-d12785a4c9d5,1973-08-19,,999-22-9908,F
877,817d7365-56fc-43f6-845e-ea9f5623d1aa,1982-11-04,,999-59-7559,F
878,756c201c-d61c-4495-afc0-09ca95c673a4,1959-09-01,1974-10-01,999-38-7861,F
879,1d2d568c-c53b-4a2d-8835-a21806cc6645,1953-10-26,2014-06-15,999-36-3973,M
880,75cbc57d-22ee-4c74-bc77-b5f0e2c6a100,1947-11-26,,999-35-1964,M
881,49303b96-1de5-4365-9ff3-bf960aea755b,1937-08-20,,999-44-3488,F
882,f065dd0d-8cf7-4289-87a1-b296ef64be1b,1971-11-11,1987-11-12,999-19-2342,M
883,1968aa31-5fce-461a-9486-6e385a7b75e7,1986-04-11,,999-62-1418,F
884,e1b30dc8-2618-42c1-a3f8-9c2d8ac49c5f,1917-05-07,1977-12-30,999-43-1809,M
885,9d69e626-c968-4991-a486-79f4eab4db38,1987-08-30,,999-55-9728,M
886,51f43df4-10dd-43ef-b2ce-ed0b0b5e669b,1971-11-11,,999-42-3952,M
887,9384b3da-e034-46fe-bcca-dc19216662c2,2003-09-03,,999-91-2857,M
888,b1d50391-79c5-403c-919f-3ded66c9d77a,1959-09-01,,999-96-8597,F
889,aa98b0ba-42d8-43a5-94b7-9f6106e01946,1953-10-26,,999-70-6374,M
890,ef2f5b33-d0ac-479e-8c9f-a7abba988265,1964-05-17,,999-30-4538,M
891,163bf814-7fdc-4b89-b6c3-41219880b68d,2003-08-06,,999-59-8736,M
892,49cbbe15-82cf-4ecc-b5b6-4cb6749c0c40,2000-03-22,,999-67-8836,F
893,1302bca8-7576-4009-aac7-8750c7d50140,1941-02-14,1995-06-02,999-89-8647,F
894,8811452f-86b2-49f7-b4e4-7aaa578fa407,1968-03-18,,999-22-4090,F
895,1b2bfa77-4f42-43e6-84a8-815fcc40c549,1994-06-21,,999-65-1983,M
896,eb17a151-7936-4b4b-a492-8c1ba9d1cc3b,1950-02-28,1996-10-02,999-96-4102,M
897,344de08b-bae0-4d79-b89e-a2b6204e1a21,1941-02-14,1958-01-03,999-43-4878,F
898,538421f8-9001-4853-8e84-59fcabdfe46d,1981-08-18,,999-60-6266,F
899,5638c948-62e3-4727-844b-3ac11d99749a,1940-08-16,,999-54-7031,M
900,8bd293c5-cde8-4ab0-b96c-9591f372de4e,2016-09-30,,999-18-3107,F
901,938c1e2f-10d7-47cd-820b-83dcf6293247,1975-02-01,,999-69-2797,M
902,10134dbf-72d1-4381-b8f3-9530cca6622a,1958-09-08,,999-56-8425,M
903,91652d14-6f12-41a1-96fc-3048d111c4c8,1950-02-28,,999-61-3205,M
904,8aeeef59-43b3-4983-8f1d-54f3e8d5ea92,1988-01-03,,999-16-7944,M
905,13db4bb8-d1dc-4158-a820-d2d1b7084fc4,1946-05-11,,999-99-3770,F
906,f874e5d6-8e2e-453d-b054-a3b5770c4cdc,1997-09-12,,999-32-3186,M
907,7a397d12-fe12-47c4-9b55-69f054c71fa5,2006-03-17,,999-65-1576,M
908,19d6d7d2-4f3c-437c-9378-6c9a730c3f96,1970-01-18,1998-01-25,999-37-5896,M
909,7bac2205-8289-4efd-a05a-47203b0b85d7,1950-11-28,,999-94-8339,F
910,7c87072a-b448-4939-b131-de04228b5ace,1999-12-14,,999-17-9819,F
911,c05478a7-a4df-4fd3-8d68-60b9452d4781,2010-10-14,,999-96-3194,M
912,c914f76e-2d8c-4da3-9b2a-e98794496245,1970-01-18,1985-06-23,999-45-8637,M
913,789ac868-bc05-4da7-9068-25b03a8095e0,1997-03-06,,999-78-4037,M
914,4f9208f1-d6b3-4c17-a4f1-7303589d22c4,1969-04-16,,999-67-1552,M
915,0707e55b-e026-4361-aa2b-8e922ae62c5a,1970-01-18,,999-70-7803,M
916,058590f8-c0f3-40c1-ac80-246437499d5d,1981-02-05,,999-32-9959,F
917,34382e29-6854-4353-85be-802262bfea6e,1980-04-29,,999-23-9936,M
918,5dccb2e6-668f-41b4-add4-4020617610b3,1965-01-02,,999-54-5846,M
919,e188fafe-c1bb-45dc-9627-4ff4e4bc0ec0,2008-07-16,,999-93-5743,M
920,fc37e0e0-789e-4c57-9fb1-faf457cf7912,1965-08-08,,999-70-1637,M
921,2e7a30d7-aaac-44df-81c5-d4e4f2f8eedc,1974-07-19,,999-52-8387,F
922,beb7d5fa-68f5-4ecf-9c65-ca154e5e3774,2015-06-13,,999-65-8337,M
923,9841342b-fa85-4526-9036-b138ffa81a2a,1985-06-06,,999-11-3190,F
924,a0a64d10-5b1e-4e17-953a-efccb0c860da,2016-04-27,,999-72-1161,M
925,1a100862-757a-4450-94a6-9731a522f707,1948-03-23,2014-10-08,999-86-2275,F
926,4bbde047-119f-4a12-9b68-2a89b274364e,2012-09-09,,999-66-4742,F
927,dc811097-b472-4dbd-8ce9-bb0afca44d7e,1995-02-18,,999-19-6566,M
928,6e9ca2a6-00eb-47ca-9e31-f249a33c90ad,2007-11-14,,999-29-4086,M
929,f0f6572b-1588-4828-bb8b-e3148692e536,1978-09-13,,999-60-5329,M
930,2abf5d21-8d0f-4263-b720-81d9d25f7a70,1991-06-20,,999-49-8301,M
931,42d200ef-0872-4318-8326-08cd7056b2db,1948-03-23,2020-03-30,999-19-3008,F
932,520009a5-e773-47ac-bf40-0162a153f478,1954-10-26,,999-54-9351,F
933,09cbb3f1-c2ed-426c-8c53-ffda77efcb08,1950-02-26,2010-09-01,999-58-4938,M
934,cf12424d-63da-4fbb-b93f-22308793cafa,1964-02-18,,999-14-1313,M
935,2c71dd97-7085-416a-aa07-d675bbe3adf2,1941-02-14,,999-71-5683,F
936,989f11f0-58cd-4b7b-a5f6-1b1c70527be3,1959-01-30,,999-59-6480,M
937,4374229d-f618-43e5-ac4f-381a47c5de8f,1950-02-26,,999-93-6301,M
938,48f06aac-21ac-44d5-9bf5-d921d30cef89,1946-07-17,,999-59-8122,M
939,61417eb5-1c42-4207-afb3-c9ebef48496f,1949-07-01,,999-45-8675,F
940,7d61895a-dbf3-472b-9675-421381787295,1948-03-23,,999-72-2740,F
941,d07f23f8-3bd1-4db1-9a36-51aedbe60821,1944-12-26,2017-12-29,999-56-2606,M
942,8a789548-b3b7-46dc-9e9a-ffd4406f2961,1976-11-15,,999-89-6710,F
943,3acf9313-1874-4dff-ab2a-3187516d92d6,1917-05-07,2018-01-23,999-65-1055,M
944,30dd9636-c7bd-44ff-a5c9-20104ece45bd,1951-12-05,,999-63-3694,F
945,8e103091-c480-4e34-90b1-adbc829431f3,1997-09-15,,999-82-3020,F
946,d78faf3a-dfad-4b6b-a353-e688cd2b8568,1968-08-23,,999-43-1899,M
947,11978d7a-93c0-4e8d-b4c6-320e6c07c5fc,2003-09-22,,999-33-8345,F
948,4fc76a3b-e39e-4091-a6af-3595e0cb607e,1948-06-01,,999-41-4986,M
949,c94479f7-e87d-40d4-be81-fd5ab44a68c3,1944-12-26,,999-12-1481,M
950,e0503bf7-6b9e-4c70-9dc8-35b0bf3cd50b,1975-07-17,,999-87-6617,F
951,eabfe6f1-0b13-43b2-9b6e-291363b2f856,1937-04-27,2018-05-09,999-86-9597,F
952,b56f030d-acf4-4997-91ee-fb3d9c321bfb,1979-04-08,,999-63-4281,M
953,a0fa2ed6-1b9a-4e35-9126-7d8a5c891f42,2012-07-11,,999-39-1806,F
954,ce5e19e5-f448-44d9-be3f-edfc39a972b0,1917-05-07,,999-16-6019,M
955,b4d1167c-9adf-40e0-8295-4c3f25fdb3b4,2010-04-06,,999-62-7550,M
956,8ea2e45c-956e-4d43-b24a-9592b3132abe,1965-04-16,,999-97-9931,F
957,3a52cc8f-394a-4840-968d-b595f4e3106d,1936-09-11,,999-81-2423,F
958,55f5ca08-6b25-4f13-9bf8-b3f0b3301647,1937-04-27,2009-05-06,999-22-8476,F
959,5d9d6072-7c35-41d1-aeb8-6ed653f308d2,1954-12-23,,999-83-3091,F
960,a4222dad-09bb-4049-b3dc-01b79f41012f,1963-05-21,,999-66-9769,M
961,052c405b-ad28-4411-a81e-18cd811d1ca1,1972-09-04,,999-24-9622,M
962,ab41f97a-1f4a-4718-a760-1e112514f282,1967-11-19,,999-10-3892,F
963,e598a677-2882-4849-ae19-d7cddc9d7409,1960-04-19,,999-35-3525,F
964,1686a27e-c76f-471f-b445-4e537bc2fc2f,2003-03-02,,999-14-7326,M
965,6a84665a-d614-404b-8557-f807676de5c6,1997-02-24,2017-07-10,999-30-1427,F
966,50ee80ee-bce0-4794-87f6-d0fb74a88f8a,1997-10-15,,999-42-6450,M
967,953f1037-d691-4543-9a24-85baa47c9902,1955-03-23,,999-58-1171,M
968,4217ed61-af8b-47be-80d2-c84336bc01a2,2010-10-08,,999-47-7131,M
969,550f9c30-5e0c-4f28-84d2-74ee3263a645,2006-08-13,,999-64-6835,M
970,aa041f6e-348c-4fcc-b3a4-c65d2d38b996,1965-05-18,,999-53-3891,F
971,fc448035-8fc9-4893-b4eb-d1b90fc8742c,1991-10-19,,999-99-8899,F
972,9c2bee19-03b6-4338-b9bd-bd73339abcb0,2017-05-28,,999-91-8357,F
973,3c8151ab-f2b1-44e1-9adc-8f27743496a4,1997-02-24,,999-81-6481,F
974,4f9dcdaa-fb47-412b-8288-03f8cbbc321e,1937-04-27,,999-30-4882,F
975,3042d51b-e7b8-4135-8b68-fb7a88ced16c,1978-09-27,,999-14-9511,F
976,51ab042b-d75e-45f9-ad85-019be3a051bf,1988-11-19,,999-16-1418,M
977,0c1606c8-637e-4ed3-baf4-67390d8f3956,1991-10-25,,999-29-9717,F
978,89105f2f-cfa9-429c-98bf-747f68567ea1,1973-11-22,,999-98-7649,F
979,71257193-1eb5-45e4-9a86-37b8f5d56340,1963-01-06,,999-93-7616,F
980,f9b8f463-595a-49c5-8c5a-18ec493301fb,1959-04-03,,999-15-2384,F
981,1e3b1126-641f-4495-a31c-19cb9bed9d25,1992-10-31,,999-98-8870,M
982,ffa37e71-fa14-4e84-ba9d-aece8d1d99f9,1966-11-02,2003-01-06,999-92-9301,F
983,29fc389e-f454-4907-8fa5-987f312cc32a,1982-03-07,,999-59-4905,M
984,b5667894-5282-4265-8a2d-bd933cdbc9ec,2002-10-25,,999-86-9900,M
985,ef0e5433-6dab-4608-86e4-5b2fb9647d2d,1977-04-08,,999-30-4653,F
986,7a8d17ee-0ec1-4dcc-8304-4e42ccaa6a38,1969-02-28,,999-52-7322,F
987,c038adf1-91e4-4d05-a7ce-ba039b0259b4,2019-07-21,,999-83-4408,M
988,46301870-33bf-4dfd-b12b-2ce9583001f4,1974-01-26,,999-43-1597,M
989,2fc08e9c-5e4b-4f76-ae71-111c62a33983,1977-02-03,2015-11-26,999-29-6306,M
990,b16ca449-bc14-4619-a936-07f6f3db7119,2013-05-03,,999-50-5286,M
991,0ec17b30-0776-4c70-8735-a09dfc709d3c,1966-11-02,,999-29-9426,F
992,b6e2e2fd-9584-4938-8b64-b61758009f72,2014-04-11,,999-72-1397,M
993,528cb8bd-10b7-400d-9069-d599cce1b2f1,1960-07-16,,999-25-2671,F
994,0e1ad739-81d1-4170-841d-414ddc97c93a,1997-07-30,,999-18-8253,F
995,45d68751-751e-4954-bc9d-f7a47e21eede,1995-08-29,,999-54-6754,M
996,e7b0fe9b-a6ae-4a8a-9055-7971a07568d8,1977-07-24,,999-57-4153,M
997,05bfc523-bd56-4474-a2bb-1b74a4c1087e,2001-06-09,,999-35-8001,F
998,4e0be087-7a33-4655-a9c0-f00f23178ac1,1977-02-03,,999-70-7540,M
999,e6f591dc-9b39-4bcf-b468-700ce7745a61,1968-05-22,,999-31-5863,M
1000,19d2cfb8-439b-454a-b47e-5274c219005b,1914-09-06,1977-03-19,999-53-9263,M
1001,278c5ad9-1e68-45f5-b274-0bdbb60569be,1969-04-13,,999-85-4871,F
1002,3727f482-9fc1-4d26-8778-01b1b745e037,1993-03-24,,999-99-8545,F
1003,80a7bc09-bbee-476b-9b3f-e44984c96ca1,2009-04-06,,999-18-9428,M
1004,13c98b78-98e9-41fb-a29a-686d005d98f7,1978-04-06,,999-16-2675,M
1005,1e52e4fe-13c7-41ad-8b3e-5933fdd553c4,1998-12-05,,999-31-1454,F
1006,c868a615-b3a7-44c6-ad66-d06b2909d689,1992-07-30,,999-93-5316,F
1007,0e297a18-1dcc-43a3-b78a-0ca8d07e59bc,2009-01-18,,999-48-5699,M
1008,92b4bd25-f752-49fe-b248-a3e4b0e89d2a,1918-02-16,1988-09-20,999-57-9074,M
1009,f290b494-c6de-40ee-98a3-ebb9d43cfd70,1986-08-30,,999-52-4795,F
1010,ca4bcd9a-99f3-4789-aba5-024fc199ac9c,1985-06-09,,999-40-1437,M
1011,8991a066-5e97-42b8-ba97-1c35bc034fea,1973-09-10,2008-05-03,999-39-4635,F
1012,f4286e97-28cf-4768-99f5-0d1d86295354,2004-06-06,,999-98-8239,M
1013,08180c75-dd87-418f-95ff-06fb2f434713,1953-05-27,,999-81-1103,F
1014,958e204f-f001-4a2c-bb4e-0715ac927a4f,1914-09-06,1991-06-02,999-54-4351,M
1015,1474f954-3781-4de1-9d5d-27a2b8688419,1994-02-25,,999-61-4523,F
1016,c8b069dc-8bc4-44be-8d20-e80cd8d8d769,1973-09-10,,999-98-5414,F
1017,92709d5b-63d2-4e47-b857-dccb09724ea3,1962-11-22,,999-37-3365,M
1018,f1c343ad-a38e-46e2-9ff5-aca6b77db551,2015-08-11,,999-47-6172,F
1019,fb91570f-6f79-4d03-bf4f-d3d58138328e,1918-02-16,1990-09-04,999-81-8369,M
1020,926fc2c9-0e8c-4dd4-a00a-6d37a01dd304,1967-04-20,,999-60-4347,F
1021,22415347-d2fb-4357-aaeb-ddba23e5cdf0,2018-03-12,,999-12-3897,M
1022,10a4a009-2d24-4512-8506-f8d8c36255d5,1987-08-27,,999-16-4620,F
1023,bd805583-2b6d-4a3e-a842-d2b3396089d4,2000-10-02,,999-12-5268,M
1024,10ab86b6-a248-4dcf-bebb-3ba143c0ea29,1982-03-15,,999-26-1442,M
1025,8db0d104-4c3f-40d3-bcf5-f5eb81b7308f,2002-03-02,,999-93-1045,F
1026,9c74e701-193c-485d-8506-4ccbeec53f75,1961-12-09,,999-70-5302,M
1027,1030d86d-86f5-4195-962a-48895ca085ab,1990-07-18,,999-35-6513,M
1028,703e4c46-ded2-4797-97fe-57fedda2825f,1941-12-23,2015-01-12,999-28-3779,F
1029,3b46f9a9-3447-441d-abd4-4f8e46f9e0c2,1946-02-13,2004-09-11,999-26-4706,F
1030,097f7be5-fdc1-42a8-b54b-65eb48c12cf1,1939-04-01,2009-04-04,999-40-7711,M
1031,3cb83305-83bf-4645-86bc-5d6a5ff2ab64,1989-03-10,,999-27-4909,F
1032,8cc293ac-0a9d-4543-9253-7ccd3f4dfdb7,2005-09-24,,999-48-7043,M
1033,7c6d7838-6453-4e4a-817e-39c8c387f986,1914-09-06,1976-08-08,999-27-7149,M
1034,8b570796-e100-47cd-a634-dbc8cd35857e,1918-02-16,2016-02-06,999-28-9601,M
1035,58100357-85b6-4334-bc2a-8998c24a4812,1971-04-15,,999-40-8284,F
1036,b37c9b35-6fea-4570-b7f6-379baf4c9399,1982-07-25,,999-24-2069,F
1037,e5ed8098-6c35-447e-b216-8f5642ab01a8,1946-02-13,,999-41-4351,F
1038,f60bf542-5ae3-4b89-b1f5-58ea3c5a46af,1941-12-23,,999-12-1722,F
1039,8505e011-20cb-4bc5-8a66-5900111fb04b,1960-03-11,,999-54-1590,F
1040,ec3f12e0-5f62-4378-aab7-2538d037df0f,1974-04-26,,999-95-6379,F
1041,a96344e6-afe6-4eeb-9f95-00c62c152e8f,1982-01-14,,999-32-8273,M
1042,a60c2937-a6a7-4974-8c9b-f34370c29b7e,1989-02-23,,999-28-3018,M
1043,03c5e223-c016-4477-947f-22c691d6a62c,2002-04-11,,999-71-7929,F
1044,c49c2939-79bc-4fed-951d-67855e8517cc,1918-02-16,,999-96-4831,M
1045,b1b10f6e-e97a-426a-9581-f1a5c29b6e05,1914-09-06,1998-10-10,999-22-8602,M
1046,5cb510f1-244d-4f02-a82b-3631e998fad1,1939-04-01,2013-05-29,999-62-7120,M
1047,5f08cc74-e542-4b93-a565-bf802a03d529,1995-01-31,,999-52-9043,F
1048,05ad1c43-ebd3-4d3a-a254-259a4338af87,2001-06-01,,999-83-8841,M
1049,3484a2ac-ae6b-4513-94c9-0c954236329e,1973-03-19,,999-69-9674,M
1050,9043026f-7d60-4b65-9c54-8ae48769ea00,1962-09-11,,999-81-1211,F
1051,271943ef-e257-48cd-aa9a-b3a685f0572b,2008-05-11,2010-01-10,999-84-8061,M
1052,1d74896f-fda4-4b30-892e-c486e5e32ca4,1967-03-21,,999-78-6461,M
1053,c66615db-7cfc-4ae7-bb79-647202727b08,1991-05-01,,999-58-2210,M
1054,89ffb9a8-b18f-4ae9-adde-ed2db4f0a85a,2003-08-10,,999-24-7888,F
1055,0f480685-25db-4292-bb41-b32ed4b61ce4,1998-06-15,,999-77-7800,M
1056,0aaa2164-8de6-4152-8674-14d254aae13a,2008-05-11,,999-38-9488,M
1057,a5fa511c-6acf-4994-a809-c9ce6e7c7ad9,1950-09-20,,999-89-8407,F
1058,9c489755-e480-4304-9e44-7e10e9b74766,1941-07-02,,999-21-2119,F
1059,d6a2da1f-ef65-4292-b637-8a0d6ac9b3ec,1939-04-01,,999-94-5198,M
1060,ebee7497-67ea-4a51-ade2-59d7dfca8fcf,1981-08-08,,999-81-1188,F
1061,96942a16-75bc-4026-bd63-e985b0ca1d6d,2000-03-12,,999-28-1106,M
1062,55506d51-2c6a-4608-aae3-7cb2f111c926,1941-06-14,,999-49-7097,F
1063,46ca94be-368f-4bb7-a7a9-a16679a7ab52,1982-03-28,,999-73-3217,F
1064,f5fce356-2940-4785-a16a-761e18a683c9,2002-05-03,,999-77-5204,F
1065,f4bfe7d7-53a4-4dd6-b404-c6af82a52f0b,2007-09-01,,999-15-5203,M
1066,f817806f-9256-4e6c-888f-f152e514fbea,1991-08-08,,999-35-7498,M
1067,aa266066-bb51-4990-be9b-0a49fc65303e,1954-09-22,2017-10-08,999-83-2379,F
1068,cf0a36c6-0ad2-4eee-aaa4-1e399a078128,2006-11-05,,999-75-8468,M
1069,a7f102bb-e1ba-4417-a0c5-75dec6473034,1914-09-06,,999-52-4867,M
1070,941670d3-1832-4fa3-9316-bdaee0573887,2005-03-27,,999-38-5571,M
1071,17c1cce5-2df1-4597-90fa-60cbe557b210,2010-10-07,,999-99-7824,F
1072,304e3c61-cd44-4251-8186-0537150ff62c,1963-04-09,,999-31-5033,M
1073,87e8fd4a-d5a8-466a-ba8d-22d38d507a8a,2016-09-12,,999-99-2925,M
1074,09fc03c4-aef7-47e1-941a-618f437dfbe2,1991-06-18,2013-04-29,999-14-3360,M
1075,1324aa93-d950-4796-b3f7-e1ab68c6505f,2015-01-03,,999-32-8525,M
1076,c518f618-304a-4153-af34-b11caaa566bd,1978-02-28,,999-86-3378,F
1077,2a843035-9957-46ee-8b11-eb8afebe4242,2000-08-02,,999-91-3669,F
1078,726676e8-a15f-4dfe-88a0-f2616bffa746,1954-09-22,,999-64-8542,F
1079,cf0e5f9c-6988-4f54-b3fc-e50d7eff5378,1991-06-18,,999-30-8916,M
1080,c2fa7e56-dac5-4998-b0c9-2262f1e2bdd9,1969-09-10,,999-83-5672,F
1081,df7c1d66-eac2-49bd-9d12-ee17e8758f68,1979-11-19,,999-19-4886,F
1082,67f81ece-3fc9-48e6-bf39-3d71a1ae1234,1946-01-31,,999-52-5792,F
1083,664dea73-3a66-4f67-bc88-300660a1dec9,1961-05-25,,999-43-9671,M
1084,752141b3-ce4c-4191-a38b-f2867d5dfaac,1958-01-01,,999-50-9749,F
1085,ed58f761-d10f-442e-89a1-ae35294f0ac0,1947-04-16,2003-01-29,999-22-6070,M
1086,edb6c79c-43f2-434b-9796-a66cf89f5556,2003-06-23,,999-18-6409,F
1087,d52baa01-d638-42fc-bec2-723110f9b034,2010-12-15,,999-29-7104,M
1088,68878f91-5962-4ef2-83e7-43b8298c1708,1977-11-07,,999-40-6743,M
1089,f35c2499-623e-406b-b5f2-7fdfd4d41607,1990-05-07,,999-99-1842,M
1090,a698af9c-0f49-4aae-b965-55cc05fe2269,2018-12-21,,999-29-4520,F
1091,8ebc4167-461c-4634-86b8-78b89a36e49c,1947-03-12,2001-04-05,999-39-9040,M
1092,0325261f-61eb-46f8-acc6-89d15053fecd,1922-02-14,2007-09-03,999-57-7228,F
1093,1d97baad-7587-436e-ab04-8f7642432c71,1988-08-15,,999-66-8056,M
1094,32cd6f76-10ed-47e8-9547-0f6be517d213,1971-07-28,,999-56-2514,F
1095,0047123f-12e7-486c-82df-53b3a450e365,1960-01-20,,999-92-5264,M
1096,c1f77760-5b51-438d-8089-c0ae5140b970,1973-01-17,,999-43-1254,F
1097,716e9acb-2d79-4859-afde-f25990e5a2e0,1947-04-16,,999-43-9914,M
1098,21838b2e-18ba-4627-aea4-fca5b450230d,1975-11-27,,999-99-9338,M
1099,fd0fac29-72af-4f5a-801a-c9874790db1c,2008-09-16,,999-71-5370,F
1100,03612a7e-6460-4ef6-9528-59d60f970b93,1947-03-12,2014-09-18,999-46-8080,M
1101,5ac53bc4-f585-4a8f-adaf-51c6b31c79fa,1976-02-06,,999-35-6243,F
1102,6c7a3894-fa93-418f-b086-4bf001b94a50,1966-06-21,,999-46-7862,M
1103,982bbe5d-4df1-43d6-bc53-a80eaaa96a9b,1956-06-19,1990-10-30,999-66-5583,F
1104,6a255e2d-4eba-4ce3-ae54-8a7107ffcb74,1954-09-13,,999-88-1690,F
1105,b44b3fde-b4bd-46eb-8ced-caccab915738,1966-01-14,,999-60-9789,F
1106,98f91f0f-c03c-4da5-860a-c473d2c81983,2019-03-05,,999-86-2372,M
1107,1c2aa038-9366-4c7d-9a3e-52cb753a670f,1962-09-13,,999-19-8817,M
1108,4cd6a8ff-8476-4af7-a2d5-60fc36f7df9a,1947-03-12,,999-45-9942,M
1109,66135cde-428a-4cf7-bc1d-d5ddce40d9cd,1914-09-05,1996-03-06,999-14-6312,F
1110,25a40443-e66c-4c78-8b13-a8610ab6b8cc,2018-06-17,,999-95-5628,F
1111,505609ce-7420-4cad-8c97-e1c42c4c79c7,1969-03-31,,999-80-4797,M
1112,acd81674-e409-4199-a4f7-8142c2906e3a,2017-11-24,,999-22-2430,M
1113,59de0d88-e84d-4c2b-8c9b-12167eb03949,1956-06-19,,999-37-9677,F
1114,8d202c65-427d-4190-8c28-3aa27e1a9f4c,1986-10-24,,999-82-4546,F
1115,9bebd912-a12b-4a83-a02c-f510587246df,1989-04-03,,999-91-7278,M
1116,8bf8631f-2fd4-4dc7-af2b-c400499fedfc,2002-03-14,,999-50-9855,F
1117,e6e423f1-05b0-4c31-a107-56538598a86d,1998-03-21,,999-85-4656,F
1118,9c4c1885-35af-48b9-a09f-4ea448d40d75,1922-02-14,2013-08-20,999-64-9847,F
1119,44552b30-62c6-494b-b75f-216a0969be38,1995-11-06,,999-39-3044,M
1120,346acf4c-2ac2-4fc7-9d7b-630debf1d90b,1984-07-10,,999-25-6223,F
1121,a52b02ff-bff3-4a5f-8fe4-f06a1712f0e6,1981-04-21,,999-16-2348,M
1122,7ea10b44-ec00-4907-b17f-87d47b04827d,1985-08-23,,999-17-6310,M
1123,b5581477-7033-4586-bc95-da6a508bdab6,1914-09-05,2000-09-05,999-58-1459,F
1124,2f76733b-933c-4cc5-aea2-53799158c8cc,1933-04-16,,999-67-8584,F
1125,8be67377-dbfb-414a-bac8-cef5375ba2b4,2003-03-04,,999-28-7141,M
1126,532696f2-0b76-4eb0-9aea-a74e2fb1bed2,1967-05-18,,999-53-7790,F
1127,c5d6bdfa-5554-4927-8fa8-794e5514cb56,1978-10-26,,999-42-1582,M
1128,16aea213-825e-4d66-a68c-a2757658673e,1989-03-18,,999-62-7216,M
1129,2a6d1e58-88eb-4be0-b6b4-59a471257c2e,1964-10-10,,999-22-8704,F
1130,87f05059-de42-4630-a35b-edb53d880640,1922-02-14,1983-07-05,999-32-3473,F
1131,cb7b125f-b586-4ed2-9d0c-77f449f39d8b,1965-09-12,,999-97-4526,M
1132,d441bc22-1d80-4f3f-b801-6fc9d64ac72e,2005-07-17,,999-69-8791,M
1133,adebdea9-a5f3-4635-8524-1a9780a75156,2005-06-15,,999-51-2709,F
1134,b3bc7794-1c3c-4b5a-8476-7a6d4d3964f6,1998-10-09,,999-18-5275,M
1135,eedb8836-d94c-4a70-8491-bea52efc4ce8,1972-03-15,,999-58-3436,F
1136,43915307-83f4-4afb-a1c1-97c7ef09d905,2006-02-07,,999-24-7695,M
1137,69e3f282-ba80-4cbe-9a35-d25f2055b61c,1993-06-11,,999-72-7233,F
1138,fb64057f-154f-4e21-be16-ba4bd494f76e,1943-05-27,,999-36-1249,M
1139,b320b49d-b456-48e6-b037-cadc249da07e,1974-05-10,,999-88-9499,M
1140,c466fefd-30df-47ac-98b3-a1cdf8e2f7c7,1984-12-13,,999-26-1481,F
1141,1d996507-b0e3-4ef8-ab62-9db3bd808105,1914-09-05,1999-09-16,999-81-9505,F
1142,4a676284-ffa9-4bda-bfcb-deb04aa9d774,1953-07-19,,999-50-8139,F
1143,dcda9f18-59eb-402e-985b-f13c15c2131c,2012-12-19,,999-10-6031,M
1144,e5c44cce-6c6e-4c4a-8839-b18a71e59bfe,1979-12-22,,999-38-3234,M
1145,e6ff4bf9-09c2-4976-aa84-cca142207cf8,1998-12-23,,999-91-5603,F
1146,9358d6df-b9ff-4c1f-bff7-bf29c12f8360,1993-05-05,,999-50-8444,M
1147,e974e5c3-9b22-41f2-b3a3-c12848f29a73,1922-02-14,2016-04-17,999-40-9174,F
1148,83c686df-0a1e-4950-9a2b-c84da98a2652,1962-01-24,,999-23-6506,F
1149,a0af88b5-1568-4545-a71a-3073c2c2ac72,1971-09-04,,999-78-9340,M
1150,13b9a676-7cfd-4b7c-bdb6-43ec52b7c919,1914-09-05,1977-03-30,999-80-8862,F
1151,b75f21c7-f0e8-403c-bef7-e200aba1f573,1966-09-21,,999-25-2859,F
1152,ba8a1afb-f089-4229-8e13-06213df0f74d,1978-03-05,,999-51-6395,M
1153,8caa111c-92a3-43df-973d-fc60735b9832,2008-04-28,,999-52-7650,M
1154,9dfbf6ed-2378-4c27-9ff7-7e5c0619c236,1962-11-08,,999-35-3043,F
1155,b940dd35-39e3-49d9-918a-316db1e223e3,1952-01-05,1962-12-29,999-50-7530,M
1156,8a9a9b41-2e52-4805-92ed-3be1c2972c41,1979-09-22,1998-06-05,999-50-9653,F
1157,d9988dce-ec05-4138-8f04-b0c77473a260,2017-09-13,,999-10-8228,M
1158,1bacaab1-708b-42fe-8f12-fbe97a725440,1950-07-25,,999-45-9162,F
1159,c1a6f986-01c4-4581-ba74-bf22d28f8ace,1914-09-05,1984-03-28,999-33-1917,F
1160,73fc00f8-a341-4f62-be27-07c35c3460bc,1941-05-04,,999-21-4974,F
1161,35e1afdd-e938-441d-b54e-db15db0bbcfd,1952-01-05,,999-92-9116,M
1162,92408d94-8b50-4e26-a6e1-42ee77823db6,1979-09-22,,999-63-8718,F
1163,30d83f4d-837c-488d-9748-5ee0fa49edd5,1965-12-20,,999-73-1051,M
1164,6c2b1cfd-887a-43f8-bee0-000ce2fc6ef0,1987-01-29,,999-67-3475,F
1165,09867b02-24b8-4896-b38b-86782dd64ef1,1957-04-16,,999-45-1967,M
1166,023a7d29-32b3-4db5-89c8-b88bd7582ec0,1922-02-14,,999-60-9291,F
1167,1fc8dafd-90e5-44d6-9179-81156c0ea083,1977-08-08,,999-29-3501,M
1168,6d048a56-edb8-4f29-891d-7a84d75a8e78,1914-09-05,2006-05-26,999-60-2184,F
1169,fca3178e-fb68-41c3-8598-702d3ca68b96,1914-09-05,1990-03-17,999-48-3257,F
1170,fc817953-cc8b-45db-9c85-7c0ced8fa90d,1914-09-05,,999-72-8988,F
